customer_id,first_name,last_name,username,email,phone,gender,date_of_birth,street_name,city,zip_code,country,account_created_date,premium_subscription
01HQZS37ACM0ZH3Z1GGPPD9DBR,Orrin,Cristofor,ocristofor0,ocristofor0@pen.io,445-582-2848,Male,07/06/96,74 Fairview Street,Dean,OX7,United Kingdom,23/01/24,FALSE
01HQZS37BE79TYQEE9CG613YRY,Doroteya,Luckman,dluckman1,dluckman1@diigo.com,272-740-2125,Male,17/11/92,57369 Shasta Plaza,Carlton,DL8,United Kingdom,19/07/23,TRUE
01HQZS37BJGK8DE0HF5BHF4YK9,Rozamond,Miell,rmiell2,rmiell2@nature.com,117-146-5798,Female,31/03/95,785 Arrowood Point,Ashley,SN13,United Kingdom,07/08/23,FALSE
01HQZS37BP2NTXNA3KANVR2YE7,Clerissa,Alvey,calvey3,calvey3@nymag.com,427-133-7034,Female,11/11/96,946 Fair Oaks Trail,Upton,WF9,United Kingdom,19/01/24,FALSE
01HQZS37BSYQ0REQSG45C66ZN4,Aguie,Lissemore,alissemore4,alissemore4@behance.net,603-322-3351,Male,03/02/94,6065 Schiller Hill,Newbiggin,NE46,United Kingdom,06/08/23,FALSE
01HQZS37BWWNYH4DASGE3VMBXG,Robin,MacFayden,rmacfayden5,rmacfayden5@army.mil,383-808-7084,Male,30/11/94,23 Lyons Pass,Sutton,CT15,United Kingdom,17/03/23,FALSE
01HQZS37C0Z70SGKVF8AQ7KZA3,Michael,Duckham,mduckham6,mduckham6@scientificamerican.com,773-908-8695,Male,02/09/91,5 Morrow Road,Sheffield,S33,United Kingdom,27/06/23,FALSE
01HQZS37C3WC1365RHMBYAKHQG,Kerstin,Fosken,kfosken7,kfosken7@bandcamp.com,503-296-4858,Other,19/02/91,11580 Truax Point,Dean,OX7,United Kingdom,10/03/24,FALSE
01HQZS37C7VDQGJEEE6FMT8R7T,Harvey,Paterson,hpaterson8,hpaterson8@ow.ly,702-241-8629,Other,29/05/98,62646 Cherokee Pass,Denton,M34,United Kingdom,05/01/24,TRUE
01HQZS37CA6F95B01R92R3E9Z3,Demetra,Dutton,ddutton9,ddutton9@google.de,148-925-8294,Female,10/02/93,8 Corry Place,Carlton,DL8,United Kingdom,31/05/23,TRUE
01HQZS37CD7T6H99SNPRPV697G,Donn,Hauck,dhaucka,dhaucka@marriott.com,106-335-6263,Male,09/08/90,21957 Morning Crossing,West End,DN36,United Kingdom,01/08/23,FALSE
01HQZS37CHCT2FJB2X9ZMR2BYN,Baron,Pickavance,bpickavanceb,bpickavanceb@uol.com.br,233-870-8341,Male,29/11/94,8 Clove Road,Newtown,RG20,United Kingdom,05/05/23,FALSE
01HQZS37CM453Z389A973SYPTY,Errick,McInnery,emcinneryc,emcinneryc@cbslocal.com,229-850-2656,Other,15/04/92,97175 Nelson Center,Leeds,LS6,United Kingdom,15/08/23,TRUE
01HQZS37CQX6E3BZQR9T9JPYS6,Franky,Jori,fjorid,fjorid@cdbaby.com,636-791-2512,Female,13/02/92,97 Ridge Oak Plaza,Whitchurch,BS14,United Kingdom,11/10/23,FALSE
01HQZS37CTMEMSKSZZ9DEEDEXP,Margy,Noor,mnoore,mnoore@storify.com,976-901-3969,Male,10/11/94,3 Clemons Way,Birmingham,B12,United Kingdom,06/05/23,TRUE
01HQZS37CXNZTM0PPRZ5C76ZXW,Sally,Garred,sgarredf,sgarredf@simplemachines.org,612-241-7555,Female,23/06/97,44 Vera Crossing,Upton,WF9,United Kingdom,03/09/23,FALSE
01HQZS37CZJV80WPR313A8V04W,Amii,Haxell,ahaxellg,ahaxellg@unc.edu,979-590-0650,Other,06/07/90,712 Meadow Ridge Way,Tullich,AB55,United Kingdom,11/11/23,FALSE
01HQZS37D13BMJJ6WSQKKHXH3K,Patrice,Sleaford,psleafordh,psleafordh@google.it,617-449-6673,Male,10/05/95,928 Brickson Park Crossing,Newbiggin,NE46,United Kingdom,01/01/24,FALSE
01HQZS37D4D2YSK53EYYRFAZGT,Wang,Campione,wcampionei,wcampionei@shinystat.com,117-478-4254,Male,24/06/96,9421 Monica Trail,London,SW1E,United Kingdom,24/01/24,TRUE
01HQZS37D7YXWRQNYVJ2SFP3K8,Nicoline,Erington,neringtonj,neringtonj@newyorker.com,227-290-6032,Female,27/11/94,4 Grayhawk Court,Liverpool,L33,United Kingdom,19/03/23,TRUE
01HQZS37DA6GSRZDJSGCM3ZJ1F,Sibby,Kinneally,sokinneallyk,sokinneallyk@amazon.co.uk,850-112-7994,Other,19/05/99,83856 West Terrace,London,WC1B,United Kingdom,18/05/23,FALSE
01HQZS37DDWHQJZJNV7J17HYDM,Zsazsa,Di Meo,zdimeol,zdimeol@loc.gov,827-394-9384,Female,04/11/93,82747 Quincy Pass,Seaton,LE15,United Kingdom,02/06/23,TRUE
01HQZS37DHRV9T64QSGADX96AF,Paulie,McGowran,pmcgowranm,pmcgowranm@shareasale.com,291-180-0706,Male,06/03/91,3 Chinook Pass,Eaton,DN22,United Kingdom,18/11/23,TRUE
01HQZS37DM90F0BSWTFQ9916AE,Jennilee,Minnock,jminnockn,jminnockn@google.ca,221-685-0678,Female,26/12/97,57 Ramsey Place,Leeds,LS6,United Kingdom,08/05/23,TRUE
01HQZS37DPQ8YQ9835XX10JGBD,Dosi,Keave,dkeaveo,dkeaveo@merriam-webster.com,870-988-8361,Female,01/05/97,1392 Lunder Junction,Merton,SW19,United Kingdom,10/07/23,FALSE
01HQZS37DRTV7S3JQ8GJ0SKMRW,Genovera,Mackrill,gmackrillp,gmackrillp@clickbank.net,352-468-2763,Female,17/05/95,95783 Crescent Oaks Parkway,Stapleford,LN6,United Kingdom,10/11/23,TRUE
01HQZS37DVCKTVY4WGD9TA4N39,Flora,Baynom,fbaynomq,fbaynomq@merriam-webster.com,514-610-3805,Female,10/07/93,5300 Corben Circle,Charlton,OX12,United Kingdom,27/02/24,FALSE
01HQZS37DX7T1R9MJWGKG271S4,Ban,Bartlett,bbartlettr,bbartlettr@twitpic.com,495-394-4830,Male,09/01/94,020 Summer Ridge Way,Halton,LS9,United Kingdom,20/12/23,FALSE
01HQZS37E087VPSBTYGQ4SY1PX,Silvano,Brelsford,sbrelsfords,sbrelsfords@abc.net.au,415-424-9279,Other,25/05/95,18895 New Castle Alley,Hatton,CV35,United Kingdom,06/12/23,TRUE
01HQZS37E3R88B7P783Z9T5Q1K,Worth,Romayne,wromaynet,wromaynet@noaa.gov,843-621-7691,Male,19/03/99,27691 Fairfield Trail,Church End,N3,United Kingdom,13/12/23,FALSE
01HQZS37E41X627E2H8FHFV14Q,Ermin,Pyson,epysonu,epysonu@hhs.gov,662-639-7985,Male,09/01/98,23475 Comanche Terrace,Norton,S8,United Kingdom,19/03/23,FALSE
01HQZS37E5VSBNTP3CXYYTJ04M,Janka,Vinnicombe,jvinnicombev,jvinnicombev@cnet.com,143-691-9952,Female,16/09/94,4 La Follette Street,Edinburgh,EH9,United Kingdom,02/04/23,FALSE
01HQZS37E7X0JX96A3SGZZHKEM,Mary,Sherar,msherarw,msherarw@mediafire.com,971-123-7936,Female,24/11/99,949 Sage Trail,Bristol,BS41,United Kingdom,18/10/23,TRUE
01HQZS37EAZ6S2FE8F3GMBMRWT,Jacinta,Walker,jwalkerx,jwalkerx@google.fr,287-569-3634,Female,04/07/96,32 Onsgard Terrace,Twyford,LE14,United Kingdom,26/12/23,FALSE
01HQZS37EDN1ZAJYYWF088KAFD,Derron,Thome,dthomey,dthomey@mysql.com,956-752-0298,Male,10/02/97,106 West Court,Craigavon,BT66,United Kingdom,22/10/23,FALSE
01HQZS37EGJDFRGYCBY0PPY0KT,Luca,MacPaden,lmacpadenz,lmacpadenz@ibm.com,479-777-9474,Male,20/07/99,8 Westridge Circle,London,WC2H,United Kingdom,10/01/24,FALSE
01HQZS37EJQ1FRMR5TP51GC25C,Tandy,Moodey,tmoodey10,tmoodey10@google.com,922-171-5672,Female,12/11/95,5243 Sommers Junction,Newbiggin,NE46,United Kingdom,09/04/23,TRUE
01HQZS37ENPPA8REQGBAZ46748,Rudd,Risso,rrisso11,rrisso11@youtube.com,888-325-5166,Male,14/11/99,27234 Dakota Circle,Sheffield,S33,United Kingdom,13/04/23,FALSE
01HQZS37ERZA1D9W90HTMT9Z5B,Dunc,Collingridge,dcollingridge12,dcollingridge12@ycombinator.com,700-753-3988,Male,16/10/93,7194 Coleman Lane,Kingston,DT10,United Kingdom,29/04/23,TRUE
01HQZS37EV855H3MT99SCEMWD5,Abraham,Mein,amein13,amein13@unblog.fr,406-178-1793,Male,21/11/90,6889 Merry Point,Newport,NR29,United Kingdom,27/09/23,TRUE
01HQZS37EYGVF7AH7X1SNPB06K,Vernon,Coggen,vcoggen14,vcoggen14@thetimes.co.uk,935-679-7928,Male,30/03/99,95 Moulton Parkway,Newton,NG34,United Kingdom,19/11/23,TRUE
01HQZS37F1CP0F8WQ8P9KS2G3T,Gae,Brittain,gbrittain15,gbrittain15@apache.org,206-395-4245,Female,15/04/98,5 Porter Center,Preston,PR1,United Kingdom,24/11/23,FALSE
01HQZS37F46VKC7AGZ378BQJV6,Jaine,Byrom,jbyrom16,jbyrom16@tumblr.com,103-480-6021,Female,23/02/96,44224 Sachtjen Parkway,West End,DN36,United Kingdom,01/02/24,FALSE
01HQZS37F6GQYEFZ1AQYB8Q531,Dory,Paolazzi,dpaolazzi17,dpaolazzi17@skyrock.com,730-588-1386,Male,04/01/95,85 Pine View Avenue,Milton,NG22,United Kingdom,28/07/23,TRUE
01HQZS37F9PNRR1F5YAA3QRCA2,Findlay,Carney,fcarney18,fcarney18@dyndns.org,267-408-7891,Male,07/08/91,50 Grasskamp Lane,Aston,TF6,United Kingdom,01/05/23,TRUE
01HQZS37FC3VVVMCV3F9F7K37P,Amye,Ballston,aballston19,aballston19@cdc.gov,625-237-1282,Female,24/05/94,200 Corben Court,Buckland,CT16,United Kingdom,12/09/23,FALSE
01HQZS37FEE1RVYD43CM0E4S7F,Lauren,Petrasch,lpetrasch1a,lpetrasch1a@fema.gov,303-327-3027,Male,02/01/99,6 Pleasure Street,Twyford,LE14,United Kingdom,23/09/23,FALSE
01HQZS37FF24WRR5QDQ4NA7KBK,Suzy,MacAiline,smacailine1b,smacailine1b@prlog.org,269-808-7712,Female,06/06/92,65 Rowland Place,Glasgow,G4,United Kingdom,13/09/23,TRUE
01HQZS37FH68Q2PMRWBXVKJPQC,Conan,Halversen,chalversen1c,chalversen1c@wisc.edu,952-406-6472,Male,17/08/95,87432 Manitowish Trail,Sheffield,S33,United Kingdom,27/09/23,TRUE
01HQZS37FJ2XRRRD91ESSVZA0R,Enrika,Brame,ebrame1d,ebrame1d@vkontakte.ru,656-671-1689,Female,06/10/90,82 Pepper Wood Crossing,Twyford,LE14,United Kingdom,15/03/23,TRUE
01HQZS37FKRX707X6P8F97TTMF,Derron,Carus,dcarus1e,dcarus1e@ucsd.edu,387-544-7133,Male,07/08/98,7291 Ridgeway Road,Carlton,DL8,United Kingdom,29/12/23,FALSE
01HQZS37FN4HVXVHJJBEZJRW97,Fabiano,Gittose,fgittose1f,fgittose1f@pcworld.com,339-256-5233,Male,14/05/97,88 Basil Street,Birmingham,B40,United Kingdom,12/06/23,TRUE
01HQZS37FR9CX1WH4GWMNEVK6P,Pamella,Hadkins,phadkins1g,phadkins1g@scientificamerican.com,344-133-8607,Female,24/02/98,12829 Tennyson Center,London,WC1B,United Kingdom,08/12/23,TRUE
01HQZS37FV01KQR2N2VHC01DM7,Ariana,Fayerbrother,afayerbrother1h,afayerbrother1h@washingtonpost.com,434-561-1278,Female,24/01/91,53579 John Wall Terrace,Seaton,LE15,United Kingdom,13/06/23,FALSE
01HQZS37FXYKVPXTEHSSXCA45J,Tallulah,Richmond,trichmond1i,trichmond1i@cocolog-nifty.com,945-638-3455,Female,16/03/99,142 Holmberg Trail,Leeds,LS6,United Kingdom,13/05/23,TRUE
01HQZS37G0VV2DZ8J10RZFR9DT,Herb,Tapscott,htapscott1j,htapscott1j@bloglovin.com,726-776-8535,Male,21/08/91,617 Carberry Center,Linton,BD23,United Kingdom,11/09/23,FALSE
01HQZS37G2T9HBS1VPEBDM99ZS,Sherie,Barnshaw,sbarnshaw1k,sbarnshaw1k@cloudflare.com,191-637-9802,Other,05/05/99,1699 Homewood Lane,Birmingham,B12,United Kingdom,05/01/24,TRUE
01HQZS37G5F5TVP94GM0MAWT0F,Averil,Pidgin,apidgin1l,apidgin1l@ameblo.jp,700-294-8836,Male,11/01/95,5 Barby Street,Preston,PR1,United Kingdom,21/08/23,TRUE
01HQZS37G858PFXACK3HBMT79S,Jemmy,Steere,jsteere1m,jsteere1m@devhub.com,128-549-3598,Female,05/06/90,6560 Pawling Avenue,Newton,IV1,United Kingdom,08/12/23,FALSE
01HQZS37GB30P2XK6DCBC848X5,Caroline,Ortner,cortner1n,cortner1n@ebay.co.uk,296-272-9631,Female,16/07/98,0 Briar Crest Alley,Hatton,CV35,United Kingdom,10/11/23,FALSE
01HQZS37GEG62MDA1HA7SS11VJ,Winna,Ducastel,wducastel1o,wducastel1o@nyu.edu,359-138-8179,Female,09/05/95,923 Rutledge Trail,Normanton,LE15,United Kingdom,29/10/23,TRUE
01HQZS37GGBKV2S23VMHP0866G,Carny,Pidgen,cpidgen1p,cpidgen1p@mayoclinic.com,198-591-3820,Male,29/06/91,26144 Glacier Hill Plaza,Birmingham,B12,United Kingdom,21/10/23,FALSE
01HQZS37GKN75HVRHXZ82CFJ1H,Tybalt,Anwell,tanwell1q,tanwell1q@ebay.com,983-208-0280,Male,02/06/93,7 Hintze Road,Wootton,NN4,United Kingdom,29/11/23,FALSE
01HQZS37GPABPRXKW0P9Y260H1,Yvette,Petruszka,ypetruszka1r,ypetruszka1r@buzzfeed.com,275-205-0321,Female,28/10/98,9 Kensington Place,Seaton,LE15,United Kingdom,26/11/23,FALSE
01HQZS37GSJE4DGCCM9TDGHF7G,Nelson,Broe,nbroe1s,nbroe1s@engadget.com,657-579-4195,Male,04/08/91,4573 Farwell Park,Newton,NG34,United Kingdom,23/10/23,FALSE
01HQZS37GWJS5FYHEAJK0TM65F,Cyrillus,Bennett,cbennett1t,cbennett1t@yellowpages.com,619-326-5535,Male,22/02/92,348 Graedel Parkway,Sutton,RH5,United Kingdom,29/01/24,TRUE
01HQZS37GZHM3F6H5HJYAK74QX,Helli,Wrixon,hwrixon1u,hwrixon1u@barnesandnoble.com,197-653-7036,Female,13/08/90,907 Northridge Terrace,Upton,WF9,United Kingdom,14/03/23,FALSE
01HQZS37H22AF015S6WYPFAH8Z,Gwenni,Pearse,gpearse1v,gpearse1v@kickstarter.com,694-354-1727,Female,12/11/94,411 Mockingbird Street,Stapleford,LN6,United Kingdom,13/03/24,TRUE
01HQZS37H5T893QEC3JQF0QFCT,Lamond,Garbett,lgarbett1w,lgarbett1w@umich.edu,551-121-5109,Male,02/12/91,9 Claremont Park,Sutton,RH5,United Kingdom,24/02/24,TRUE
01HQZS37H9D3A9QVXHTJNDXVEM,Ned,Bolderson,nbolderson1x,nbolderson1x@japanpost.jp,878-718-3763,Male,22/09/90,1 Lerdahl Pass,Normanton,LE15,United Kingdom,02/08/23,TRUE
01HQZS37HC8WWRYMPJHP64277X,Emmerich,Charity,echarity1y,echarity1y@networksolutions.com,101-144-5070,Male,18/09/98,848 Dunning Way,Denton,M34,United Kingdom,23/10/23,FALSE
01HQZS37HE91PZHGEJWASEPQRS,Vick,Bielfeldt,vbielfeldt1z,vbielfeldt1z@cbc.ca,163-733-7022,Male,15/07/91,51389 Warrior Way,Sheffield,S33,United Kingdom,13/05/23,TRUE
01HQZS37HH2KQNG9PRBT77PMFS,Hew,Escoffier,hescoffier20,hescoffier20@bloglines.com,327-206-3388,Male,04/05/95,25957 Kennedy Alley,Hatton,CV35,United Kingdom,01/04/23,FALSE
01HQZS37HM6BGAWPWRHZN96VJS,Iggie,Penburton,ipenburton21,ipenburton21@adobe.com,166-757-2661,Male,21/06/90,5 Shelley Park,Sheffield,S33,United Kingdom,11/07/23,TRUE
01HQZS37HRJY4ST00GBAKTQ4JQ,Woodman,Sember,wsember22,wsember22@imageshack.us,308-128-5025,Male,03/10/99,684 Meadow Valley Road,Seaton,LE15,United Kingdom,13/01/24,TRUE
01HQZS37HVHBQT153RDNP4B897,Hedwiga,Olechnowicz,holechnowicz23,holechnowicz23@nih.gov,829-612-8298,Female,30/12/92,13 Sachs Hill,Preston,PR1,United Kingdom,29/01/24,FALSE
01HQZS37HY0KYC9YMM7DVD174J,Marlyn,Haley,mhaley24,mhaley24@reference.com,567-594-3658,Other,27/02/94,61 Schmedeman Alley,Upton,WF9,United Kingdom,08/02/24,FALSE
01HQZS37J2DYTKK54XT9VSK6ZA,Janeva,Coppins,jcoppins25,jcoppins25@skype.com,604-488-2835,Female,26/08/94,8 Florence Plaza,Charlton,OX12,United Kingdom,09/10/23,FALSE
01HQZS37J5604VVBG1YJC58MMD,Brnaby,Phillcock,bphillcock26,bphillcock26@ameblo.jp,375-422-2746,Male,17/12/94,5295 Dorton Avenue,Burnside,EH52,United Kingdom,03/11/23,FALSE
01HQZS37J73JGX8V7H4589DP2P,Enrico,Guinery,eguinery27,eguinery27@ocn.ne.jp,103-355-9063,Male,29/11/91,73436 Monument Parkway,Stapleford,LN6,United Kingdom,06/08/23,FALSE
01HQZS37JB8RFT1ZT4JYYAN4GP,Veriee,Maccaig,vmaccaig28,vmaccaig28@php.net,683-646-4934,Female,16/06/97,9 Gina Place,Newbiggin,NE46,United Kingdom,09/05/23,TRUE
01HQZS37JD541G3V0G9SHTJMNJ,Judi,Kettley,jkettley29,jkettley29@t-online.de,935-942-5196,Other,04/09/93,1 Buell Plaza,Aston,TF6,United Kingdom,13/10/23,TRUE
01HQZS37JG1T0TCY1V8JQG9R1J,Kathe,Tukesby,ktukesby2a,ktukesby2a@php.net,976-869-4680,Female,23/08/90,90143 Killdeer Street,Preston,PR1,United Kingdom,20/06/23,FALSE
01HQZS37JK05DZQ3SPMNXBXJQY,Viole,Lanfear,vlanfear2b,vlanfear2b@mapquest.com,908-553-5295,Female,05/12/99,193 Hazelcrest Place,Seaton,LE15,United Kingdom,18/08/23,TRUE
01HQZS37JPZX0C8FE7XK3DJQ6T,Lars,Baldelli,lbaldelli2c,lbaldelli2c@histats.com,752-364-5796,Male,08/12/97,43359 Mallard Drive,Linton,BD23,United Kingdom,30/01/24,FALSE
01HQZS37JSW0NM7AF951ZXX5ZA,Carol-jean,Criple,ccriple2d,ccriple2d@issuu.com,940-789-3566,Female,27/07/97,97841 Delaware Crossing,Church End,N3,United Kingdom,27/06/23,FALSE
01HQZS37JWST4418D51C56H458,Gaylene,Fairnie,gfairnie2e,gfairnie2e@w3.org,100-788-5413,Female,14/02/95,21 Montana Pass,Belfast,BT2,United Kingdom,23/01/24,FALSE
01HQZS37JZVAN5CM852BXE45J3,Cal,McNeill,cmcneill2f,cmcneill2f@cdc.gov,865-729-1822,Male,18/11/93,4 Summer Ridge Crossing,Milton,AB56,United Kingdom,17/10/23,TRUE
01HQZS37K2ETRXGQJRKMZZETMP,Wendell,Desseine,wdesseine2g,wdesseine2g@drupal.org,395-790-2938,Other,21/01/95,15502 Almo Place,London,WC1B,United Kingdom,08/06/23,FALSE
01HQZS37K5154END9P3ZDE0YS3,Wiley,Kliemann,wkliemann2h,wkliemann2h@hexun.com,693-914-3756,Male,04/09/93,815 Claremont Road,Milton,AB56,United Kingdom,16/05/23,TRUE
01HQZS37K9K1RXDSDC1Y47PTWZ,Godart,Christaeas,gchristaeas2i,gchristaeas2i@4shared.com,440-451-7417,Male,25/08/95,57454 Florence Center,Denton,M34,United Kingdom,25/07/23,TRUE
01HQZS37KC65A0F4S6PC9H3HDR,Fanya,Franzoli,ffranzoli2j,ffranzoli2j@opensource.org,271-739-1771,Female,24/02/98,2667 West Crossing,Wirral,CH48,United Kingdom,14/11/23,TRUE
01HQZS37KFS5QPVK9T3NBCJ3XE,Xerxes,Greenough,xgreenough2k,xgreenough2k@lulu.com,979-250-6941,Male,17/03/94,2 Lien Circle,Sheffield,S33,United Kingdom,24/06/23,FALSE
01HQZS37KJ8T5TCJPTS1HA20K8,Carmen,Snoad,csnoad2l,csnoad2l@cocolog-nifty.com,991-797-5473,Other,08/08/97,640 Mitchell Parkway,Ford,GL54,United Kingdom,26/03/23,FALSE
01HQZS37KNQ9W52XPWW8DV1Y7A,Ailene,McCallion,amccallion2m,amccallion2m@omniture.com,225-403-3066,Female,05/08/96,67 Katie Road,Sheffield,S1,United Kingdom,18/12/23,TRUE
01HQZS37KRGBCCMV3KR1JAM3C9,Page,Bourner,pbourner2n,pbourner2n@bloglines.com,263-639-6462,Female,01/09/97,757 3rd Junction,Middleton,LE16,United Kingdom,22/10/23,FALSE
01HQZS37KVSBQ522VJDMRSD225,Galen,Adan,gadan2o,gadan2o@noaa.gov,668-561-9752,Male,16/07/97,8441 Longview Circle,Wootton,NN4,United Kingdom,05/05/23,TRUE
01HQZS37KYEYAEQBT8MAJKY61V,Renato,Brookzie,rbrookzie2p,rbrookzie2p@prlog.org,617-571-2504,Male,24/12/91,1 Troy Junction,Preston,PR1,United Kingdom,11/05/23,TRUE
01HQZS37M15GX48NQE6RXFHKXD,Netti,Causby,ncausby2q,ncausby2q@hao123.com,843-574-1233,Female,20/06/92,7 Kinsman Park,Birmingham,B12,United Kingdom,16/03/23,TRUE
01HQZS37M42GCPH0REQ6JF7J3Q,Suzi,Elderidge,selderidge2r,selderidge2r@washington.edu,853-817-6413,Female,30/10/96,502 Hoard Avenue,Leeds,LS6,United Kingdom,26/04/23,FALSE
01HQZS37M8F5ZJ07B8AJ2PDXDA,Ignaz,Paulot,ipaulot2s,ipaulot2s@cnbc.com,399-710-9248,Male,14/12/95,67 Hoffman Trail,London,SW1E,United Kingdom,02/10/23,FALSE
01HQZS37MBTWCE40GGZN63WVN2,Israel,Gianolini,igianolini2t,igianolini2t@tuttocitta.it,526-264-8523,Male,15/02/99,71 Swallow Point,Sutton,CT15,United Kingdom,02/10/23,TRUE
01HQZS37MC1MT50EZHXWCKZH7Y,Eimile,Noton,enoton2u,enoton2u@cisco.com,429-416-2970,Female,22/05/96,1 Beilfuss Drive,Seaton,LE15,United Kingdom,27/11/23,TRUE
01HQZS37ME04Y3PXRE68W868VS,Kikelia,Geistbeck,kgeistbeck2v,kgeistbeck2v@parallels.com,357-595-4116,Female,18/12/94,6 Bunker Hill Hill,London,EC1V,United Kingdom,07/11/23,FALSE
01HQZS37MFZS3YR0WYW6ZS57WN,Sena,Norton,snorton2w,snorton2w@auda.org.au,902-737-5903,Female,04/07/91,7031 Quincy Trail,Ashley,SN13,United Kingdom,02/05/23,FALSE
01HQZS37MHKDYR88ANSM9K7TTR,Jere,Hagergham,jhagergham2x,jhagergham2x@ebay.com,487-527-1327,Female,06/03/98,30 Welch Point,Whitchurch,BS14,United Kingdom,15/08/23,FALSE
01HQZS37MMCDZTCBH3KCG3NF8S,Alessandro,Jeanesson,ajeanesson2y,ajeanesson2y@angelfire.com,270-361-7424,Male,01/08/92,3578 Debs Court,Newtown,RG20,United Kingdom,17/07/23,TRUE
01HQZS37MQE3VK941NPAVCV5XB,Janos,Style,jstyle2z,jstyle2z@wix.com,146-525-3691,Male,07/01/93,95404 Delaware Way,Walton,CV35,United Kingdom,19/08/23,FALSE
01HQZS37MTYQR22KKCX6442QSD,Sissy,Durkin,sdurkin30,sdurkin30@soup.io,592-141-7285,Female,05/12/92,7 Londonderry Park,Denton,M34,United Kingdom,07/05/23,FALSE
01HQZS37MXRD51CF2STGEHDEMJ,Mack,Constable,mconstable31,mconstable31@photobucket.com,355-531-4982,Male,31/08/99,2 Kedzie Hill,London,SW1E,United Kingdom,19/10/23,TRUE
01HQZS37N1J3YSAWWBAAZ6JYG8,Meggie,Brahms,mbrahms32,mbrahms32@bloglovin.com,224-999-7939,Female,09/11/99,090 Lien Place,Aston,TF6,United Kingdom,31/01/24,FALSE
01HQZS37N4M9C16RKNF4DYW32T,Addi,Hollington,ahollington33,ahollington33@google.fr,424-373-3079,Female,04/10/90,6192 Bowman Circle,Walton,CV35,United Kingdom,24/12/23,TRUE
01HQZS37N7PW4QBZTPX1W3G00J,Riane,Mailes,rmailes34,rmailes34@marketwatch.com,333-929-1664,Female,13/09/93,39 Fremont Point,Wootton,NN4,United Kingdom,21/05/23,TRUE
01HQZS37NBX2J70J7JGYP1566E,Dore,Boshere,dboshere35,dboshere35@sbwire.com,462-664-7101,Male,06/11/94,43730 Arrowood Trail,Marston,ST20,United Kingdom,24/04/23,TRUE
01HQZS37NEQ37ACJPSQ360PTPE,Wolfy,Winterbottom,wwinterbottom36,wwinterbottom36@facebook.com,158-424-2643,Other,20/03/92,71708 Columbus Place,Whitwell,DL10,United Kingdom,28/05/23,FALSE
01HQZS37NJ2E9PP18JMY89G823,Ulrick,Worsall,uworsall37,uworsall37@harvard.edu,897-802-0760,Male,21/01/92,17 Oakridge Junction,Carlton,DL8,United Kingdom,30/01/24,FALSE
01HQZS37NNRYW3FYYGCDG8A44T,Andra,Kybird,akybird38,akybird38@parallels.com,277-311-0190,Female,20/10/95,181 Helena Point,Wirral,CH48,United Kingdom,01/04/23,FALSE
01HQZS37NR4P41ZFE5B2T5SHFS,Maddy,Brounsell,mbrounsell39,mbrounsell39@squarespace.com,693-763-7677,Male,13/06/92,256 Darwin Circle,Upton,DN21,United Kingdom,29/04/23,FALSE
01HQZS37NVMFZBJ81T54QBGTAJ,Penrod,Frary,pfrary3a,pfrary3a@wikimedia.org,564-484-8457,Male,26/06/95,37790 Mandrake Road,Whitwell,DL10,United Kingdom,25/10/23,TRUE
01HQZS37NYH4997G964HPPNCE1,Sybil,Andri,sandri3b,sandri3b@php.net,518-833-0205,Female,25/04/91,179 Nova Plaza,Liverpool,L33,United Kingdom,18/12/23,TRUE
01HQZS37P1XHFRNWJJ8KSV5FXR,Eugene,Sherar,esherar3c,esherar3c@taobao.com,129-366-7036,Male,26/09/92,7977 Norway Maple Hill,Milton,AB56,United Kingdom,15/03/23,TRUE
01HQZS37P42XTNA7DR13KY0ERW,Erich,Testo,etesto3d,etesto3d@surveymonkey.com,633-538-7399,Male,27/02/95,1 Sauthoff Crossing,Church End,CB4,United Kingdom,29/06/23,FALSE
01HQZS37P7YVXSRJEFMS2FM0CT,Opaline,Wayt,owayt3e,owayt3e@yahoo.co.jp,135-530-8807,Other,27/09/90,58821 Thackeray Circle,Charlton,OX12,United Kingdom,16/07/23,TRUE
01HQZS37PAKXWFGARSMQ4F2N2M,Nicolea,Manners,nmanners3f,nmanners3f@studiopress.com,468-551-9294,Female,11/07/94,9905 Burning Wood Center,Charlton,OX12,United Kingdom,27/12/23,FALSE
01HQZS37PETWPE3SSEJ6AWVQ0F,Helenka,Ackenhead,hackenhead3g,hackenhead3g@scientificamerican.com,781-412-1572,Female,24/09/99,3010 Cody Terrace,Halton,LS9,United Kingdom,29/07/23,TRUE
01HQZS37PHZSMQ4MBYZD68X0G5,Norton,Ledson,nledson3h,nledson3h@prlog.org,304-277-6412,Male,02/09/96,71 Marquette Point,Glasgow,G4,United Kingdom,02/02/24,FALSE
01HQZS37PN9Q2F5A9S6K3VFXMS,Ora,Cremen,ocremen3i,ocremen3i@cpanel.net,489-850-4126,Female,03/04/96,19 Troy Center,London,W1F,United Kingdom,25/06/23,TRUE
01HQZS37PRW7M84H0KVCXVGRJX,Trudi,Igoe,tigoe3j,tigoe3j@baidu.com,351-641-8925,Female,11/02/99,651 Merchant Trail,Walton,CV35,United Kingdom,08/05/23,TRUE
01HQZS37PVMD33VBN2G6PR8MND,Stevy,Masson,smasson3k,smasson3k@wikipedia.org,286-897-8957,Male,28/12/91,8027 Thierer Alley,Liverpool,L74,United Kingdom,04/09/23,FALSE
01HQZS37PZEV61Q3KG71ZXX3RQ,Skelly,Shenton,sshenton3l,sshenton3l@xing.com,411-664-7803,Male,18/12/92,8864 Pleasure Street,Upton,WF9,United Kingdom,31/08/23,TRUE
01HQZS37Q273Y2VXSJCW8896TK,Evy,Klaff,eklaff3m,eklaff3m@godaddy.com,811-327-6698,Female,15/05/98,01177 Packers Terrace,Craigavon,BT66,United Kingdom,15/01/24,TRUE
01HQZS37Q5Q5A8YEGZVA9VXDR0,Giana,Lundbeck,glundbeck3n,glundbeck3n@blogs.com,333-801-6374,Female,20/11/91,5 Sycamore Plaza,Birmingham,B12,United Kingdom,08/01/24,FALSE
01HQZS37Q9BP5FYWWGZNH0XDK2,Gareth,Haxell,ghaxell3o,ghaxell3o@exblog.jp,247-290-3339,Male,07/11/99,4 Mitchell Crossing,London,W1F,United Kingdom,23/11/23,FALSE
01HQZS37QCTGECB7RMJEV944T8,Zerk,Gladdis,zgladdis3p,zgladdis3p@europa.eu,540-133-6016,Male,05/09/97,23 Fisk Plaza,Aberdeen,AB39,United Kingdom,28/12/23,TRUE
01HQZS37QF5SGVF33K61JCVX00,Dorie,Balser,dbalser3q,dbalser3q@archive.org,976-367-6347,Other,12/05/93,07411 Pearson Terrace,Milton,NG22,United Kingdom,24/09/23,FALSE
01HQZS37QHXS2A3K96H4MRSQKK,Inge,Slimings,islimings3r,islimings3r@bloglovin.com,154-248-8829,Female,07/07/98,6621 Farragut Lane,Newtown,RG20,United Kingdom,15/03/23,TRUE
01HQZS37QM8QH0VGH1SPXPGQAZ,Cornelle,Southerton,csoutherton3s,csoutherton3s@t-online.de,885-960-0537,Female,23/01/93,81 Declaration Point,Whitchurch,BS14,United Kingdom,26/11/23,FALSE
01HQZS37QRS2T0522ERQ5BCEWJ,Valle,Hurn,vhurn3t,vhurn3t@ft.com,759-653-5121,Male,28/11/99,7 Westerfield Drive,Brampton,NR34,United Kingdom,25/07/23,TRUE
01HQZS37QSV5PYE3EH4BNVTQG1,Ulberto,Fearnyough,ufearnyough3u,ufearnyough3u@delicious.com,358-847-3503,Male,24/10/96,0 Dexter Hill,Sheffield,S33,United Kingdom,20/08/23,TRUE
01HQZS37QW8131HEY9XSPXM2FV,Shoshanna,Boreland,sboreland3v,sboreland3v@hatena.ne.jp,970-637-5240,Female,07/04/97,95 Amoth Road,Birmingham,B40,United Kingdom,13/02/24,FALSE
01HQZS37QZW9AATP19WWZRXN1H,Dalila,Allinson,dallinson3w,dallinson3w@amazon.co.jp,792-830-9632,Female,03/02/92,80 Holmberg Park,Sutton,CT15,United Kingdom,16/09/23,TRUE
01HQZS37R2P7F0P3VWVG2H5WE6,Fawn,Duplain,fduplain3x,fduplain3x@themeforest.net,166-659-7149,Female,21/11/96,6 Old Gate Crossing,Aberdeen,AB39,United Kingdom,27/06/23,FALSE
01HQZS37R4WR8B8R29NSP1SEV7,Aubry,Burnsides,aburnsides3y,aburnsides3y@creativecommons.org,483-438-2526,Female,04/02/99,4 Ridgeway Drive,Milton,NG22,United Kingdom,27/11/23,FALSE
01HQZS37R7P0HAWTN3ZBW45Q13,Patrizio,Annear,pannear3z,pannear3z@4shared.com,138-337-1164,Male,06/01/93,2 Hoard Place,Church End,CB4,United Kingdom,21/03/23,FALSE
01HQZS37RAZ3PS62K98EGKBWET,Hyman,Yallowley,hyallowley40,hyallowley40@webnode.com,688-814-5394,Male,15/03/99,1034 American Ash Place,Liverpool,L74,United Kingdom,16/03/23,TRUE
01HQZS37RDZ3GQ19XMH688QMC3,Levi,Odhams,lodhams41,lodhams41@constantcontact.com,360-323-7891,Male,12/05/97,30147 Garrison Trail,East End,BH21,United Kingdom,25/07/23,TRUE
01HQZS37RFD9JJMXG87PBHHESY,Linell,Morfield,lmorfield42,lmorfield42@senate.gov,243-617-5553,Female,17/04/99,98893 School Terrace,Ashley,SN13,United Kingdom,23/03/23,TRUE
01HQZS37RJ1BHVFWM8H8Y3F6XM,Aubrie,McGraffin,amcgraffin43,amcgraffin43@psu.edu,885-266-1808,Female,13/07/93,630 Ilene Pass,London,WC1B,United Kingdom,18/02/24,TRUE
01HQZS37RNWBGJ32RT0C3G8HPX,Joleen,Julien,jjulien44,jjulien44@dot.gov,732-789-5227,Female,14/10/99,41678 Kim Street,Craigavon,BT66,United Kingdom,24/12/23,TRUE
01HQZS37RR26R8D3BQJVH10AJJ,Carlene,Cupper,ccupper45,ccupper45@dyndns.org,364-609-0029,Female,20/09/90,68060 Pierstorff Plaza,Weston,GU32,United Kingdom,02/12/23,FALSE
01HQZS37RTY1HWPH6RY9HFW685,Paulina,Britto,pbritto46,pbritto46@shop-pro.jp,535-689-2340,Female,12/07/99,7418 Eliot Street,Bristol,BS41,United Kingdom,27/11/23,FALSE
01HQZS37RXP1FDE0A9AWKRZP32,Matthias,Jerson,mjerson47,mjerson47@list-manage.com,565-739-4249,Male,25/11/94,564 Kensington Parkway,Newton,IV1,United Kingdom,05/07/23,FALSE
01HQZS37S0MHW88G5BBRS6X5R7,Eberto,Chessell,echessell48,echessell48@psu.edu,937-178-7885,Male,08/06/90,50 Express Hill,Norton,NN11,United Kingdom,17/11/23,FALSE
01HQZS37S3BTWXYN85YV7T5H89,Zandra,Greenstock,zgreenstock49,zgreenstock49@barnesandnoble.com,557-507-1861,Female,25/08/92,970 Oneill Park,Newport,NR29,United Kingdom,26/09/23,FALSE
01HQZS37S5T0NGNVQEFDYXBEM0,Farly,Corhane,focorhane4a,focorhane4a@ovh.net,661-247-7959,Male,23/06/90,24 Reindahl Road,London,W1F,United Kingdom,03/01/24,FALSE
01HQZS37S825Q81PT58KKW2EYD,Filberto,Bolding,fbolding4b,fbolding4b@booking.com,998-173-9708,Male,01/12/94,1210 Memorial Drive,Horton,BS37,United Kingdom,21/04/23,TRUE
01HQZS37SAFYGNPF55Q84WTDGC,Damien,Elsmor,delsmor4c,delsmor4c@sitemeter.com,389-285-1708,Male,06/06/98,074 Delladonna Circle,Liverpool,L74,United Kingdom,16/10/23,FALSE
01HQZS37SD7QY5QADVPW430GSD,Louisa,Beaver,lbeaver4d,lbeaver4d@miitbeian.gov.cn,570-338-9378,Female,16/11/91,2484 Warner Circle,Buckland,CT16,United Kingdom,17/08/23,FALSE
01HQZS37SGDS7V99VWXAYPW5VY,Marj,Walkden,mwalkden4e,mwalkden4e@unesco.org,823-730-9375,Female,30/04/98,377 Vahlen Trail,London,WC2H,United Kingdom,05/10/23,TRUE
01HQZS37SMQJ7TJAJ00T0VA9CE,Artemis,Fearnsides,afearnsides4f,afearnsides4f@photobucket.com,363-835-3013,Male,19/03/98,88586 Bowman Park,Seaton,LE15,United Kingdom,13/12/23,FALSE
01HQZS37SR10ZW5PZDG2RSF8XX,Jade,Kiebes,jkiebes4g,jkiebes4g@cdc.gov,310-290-2447,Female,30/01/91,917 Warbler Drive,Wirral,CH48,United Kingdom,31/12/23,TRUE
01HQZS37SVXJCNM4NP4NJYF6AD,Fawne,Sedgeworth,fsedgeworth4h,fsedgeworth4h@tinypic.com,997-741-7339,Female,15/11/94,63513 Esker Junction,Normanton,LE15,United Kingdom,01/01/24,FALSE
01HQZS37SY18CMCRZJBQMC5NW6,Madelyn,Bourgaize,mbourgaize4i,mbourgaize4i@nymag.com,614-317-7327,Female,17/07/93,2 Schlimgen Trail,Langley,SG4,United Kingdom,17/06/23,TRUE
01HQZS37T2KBSZA2GTHAYBR364,Shelagh,Parres,sparres4j,sparres4j@goodreads.com,565-505-5455,Female,04/09/94,58 Quincy Court,Newtown,RG20,United Kingdom,05/12/23,FALSE
01HQZS37T5BWF4HSJVJD6JNTC1,Demetris,MacClure,dmacclure4k,dmacclure4k@yahoo.co.jp,656-906-1489,Male,10/08/98,392 Bayside Alley,Eaton,DN22,United Kingdom,07/10/23,TRUE
01HQZS37T8BHVCH4F94B7NWSF0,Alessandro,enzley,aenzley4l,aenzley4l@wikia.com,589-817-9923,Male,31/12/99,2192 Sage Center,Pentre,SY4,United Kingdom,18/10/23,TRUE
01HQZS37TCNTADHYTY7YQMSP23,Teddi,Feirn,tfeirn4m,tfeirn4m@pagesperso-orange.fr,210-137-0434,Female,14/06/93,87904 Johnson Crossing,Ashley,SN13,United Kingdom,22/12/23,FALSE
01HQZS37TFRNJNZ30FBMD1NBAD,Dorian,Quinn,dquinn4n,dquinn4n@privacy.gov.au,213-145-6123,Female,08/03/90,881 Oak Trail,Wirral,CH48,United Kingdom,26/09/23,TRUE
01HQZS37THXFCMS4EWANY2XM0P,Shelby,Bee,sobee4o,sobee4o@i2i.jp,422-391-4505,Male,16/05/97,94216 Donald Lane,Normanton,LE15,United Kingdom,31/08/23,TRUE
01HQZS37TKGSJPBVJW963P6S9Z,Peter,Rockwill,prockwill4p,prockwill4p@unc.edu,885-930-8840,Male,07/10/94,5394 Glacier Hill Way,Walton,CV35,United Kingdom,10/02/24,FALSE
01HQZS37TQ74AXDSQW2E6J2X5G,Odele,Testo,otesto4q,otesto4q@craigslist.org,339-780-3942,Female,29/05/90,6 Kings Trail,Norton,NN11,United Kingdom,18/05/23,TRUE
01HQZS37TTYR820F3F58MYC7V0,Simone,Fendley,sfendley4r,sfendley4r@creativecommons.org,789-719-2721,Male,10/09/91,8 Barby Plaza,Merton,SW19,United Kingdom,29/08/23,FALSE
01HQZS37TXF0EEZ9NFED24CA2N,Goddard,Bugby,gbugby4s,gbugby4s@domainmarket.com,895-635-2277,Male,14/01/00,63081 Cascade Center,London,WC1B,United Kingdom,25/10/23,FALSE
01HQZS37TZH1R3DEVKD5J0KAG8,Pippy,Revens,prevens4t,prevens4t@360.cn,604-890-7898,Female,09/09/92,3 Sherman Trail,Marston,ST20,United Kingdom,05/10/23,FALSE
01HQZS37VN9066JA1JMSWRP1N8,Vannie,Fargher,vfargher4u,vfargher4u@yahoo.co.jp,749-108-3700,Female,23/04/99,26 Donald Road,Merton,SW19,United Kingdom,01/12/23,FALSE
01HQZS37VS339V5JRJE166Z7X5,Veronique,Danilewicz,vdanilewicz4v,vdanilewicz4v@imgur.com,910-754-9609,Female,14/04/97,420 Novick Parkway,Tullich,AB55,United Kingdom,16/09/23,FALSE
01HQZS37VWNFFJ441CC0AD06AB,Martguerita,Auston,mauston4w,mauston4w@canalblog.com,181-203-5034,Female,12/04/95,2574 Badeau Center,Milton,AB56,United Kingdom,11/05/23,FALSE
01HQZS37VZRYDJ7KY57T6Z48A7,Harlan,Bubeer,hbubeer4x,hbubeer4x@fc2.com,167-363-3933,Male,05/05/99,72149 Grover Place,Carlton,DL8,United Kingdom,11/04/23,FALSE
01HQZS37W2VJ8WMMNH3BCHEPT3,Florencia,Morffew,fmorffew4y,fmorffew4y@simplemachines.org,497-532-6065,Female,09/07/95,18680 Leroy Pass,Weston,GU32,United Kingdom,02/10/23,TRUE
01HQZS37W5PMGJPCWWCRRPGTKF,Aile,Jakeway,ajakeway4z,ajakeway4z@latimes.com,141-462-8479,Female,19/08/94,1637 Eagan Pass,Weston,GU32,United Kingdom,16/06/23,TRUE
01HQZS37W8APQ58SZ1CFSEAHGC,Rochella,Scholey,rscholey50,rscholey50@dailymail.co.uk,436-410-0025,Female,26/03/90,71 Memorial Point,Langley,SG4,United Kingdom,01/05/23,FALSE
01HQZS37WAQ03NE9XB1HH2R21R,Ferrell,Reeson,freeson51,freeson51@cam.ac.uk,567-402-2622,Male,02/02/98,5 Morningstar Parkway,Marston,ST20,United Kingdom,21/07/23,TRUE
01HQZS37WDB0X0C6QE0CV2J3FP,Carlie,Hrachovec,chrachovec52,chrachovec52@oracle.com,261-489-4994,Male,29/10/92,67 Dixon Plaza,Liverpool,L74,United Kingdom,22/03/23,FALSE
01HQZS37WFT06BG0TGVKQ9HBFY,Donal,Bergen,dbergen53,dbergen53@yahoo.co.jp,705-653-0871,Male,19/02/92,6380 Northport Point,Preston,PR1,United Kingdom,18/12/23,FALSE
01HQZS37WJKK2PEPSKRZVBE6H2,Mattie,Eppson,meppson54,meppson54@vistaprint.com,240-557-6935,Male,04/04/94,85 Cottonwood Alley,Ashley,SN13,United Kingdom,01/09/23,TRUE
01HQZS37WM1PDHC8R0X0FJVMA3,Brant,Altree,baltree55,baltree55@furl.net,203-334-3545,Male,22/03/97,4528 Dexter Plaza,Seaton,LE15,United Kingdom,18/12/23,TRUE
01HQZS37WQ523280B1V6TKHPHF,Levy,Lackie,llackie56,llackie56@artisteer.com,140-207-5371,Other,26/03/98,391 Drewry Parkway,Newbiggin,NE46,United Kingdom,12/11/23,TRUE
01HQZS37WTSREYHYSWV5SW54R2,Quill,Teesdale,qteesdale57,qteesdale57@altervista.org,797-422-1106,Male,24/12/90,294 Vermont Place,Halton,LS9,United Kingdom,24/08/23,TRUE
01HQZS37WWJR46QEPSEZH4KYQC,Greg,Kither,gkither58,gkither58@cnet.com,513-685-4297,Male,01/04/99,48 Red Cloud Trail,Newport,NR29,United Kingdom,21/10/23,TRUE
01HQZS37WZ96JD2CC06G3JA77R,Luciana,Schlag,lschlag59,lschlag59@livejournal.com,297-737-5641,Female,18/02/91,00312 Graceland Crossing,Merton,SW19,United Kingdom,02/03/24,FALSE
01HQZS37X2557D4Z898DC3XWJX,Nikita,Lees,nlees5a,nlees5a@sun.com,389-944-8086,Male,13/04/99,42 Monument Lane,London,W1F,United Kingdom,12/06/23,TRUE
01HQZS37X4DP4884BWP60YHP2K,Garner,Severn,gsevern5b,gsevern5b@example.com,426-876-2211,Male,01/08/98,088 Moose Trail,Birmingham,B12,United Kingdom,14/03/23,TRUE
01HQZS37X7W99K59R8SFH5YAXW,Angel,Waltho,awaltho5c,awaltho5c@barnesandnoble.com,127-200-0916,Male,24/09/90,811 Sloan Parkway,Twyford,LE14,United Kingdom,17/07/23,TRUE
01HQZS37X9XKSFGHS32WA3294Z,Julieta,Franzettoini,jfranzettoini5d,jfranzettoini5d@addthis.com,707-785-1410,Female,08/07/94,05201 Glendale Terrace,Aston,TF6,United Kingdom,20/01/24,FALSE
01HQZS37XCFZH2NE6K646147G4,Else,Risman,erisman5e,erisman5e@unblog.fr,758-882-1890,Female,18/01/98,4 Judy Place,Milton,AB56,United Kingdom,17/08/23,FALSE
01HQZS37XE5TEAY9WPHKJJ1Q6H,Maggie,Rogez,mrogez5f,mrogez5f@4shared.com,186-786-4687,Female,07/12/94,4 Derek Trail,Upton,WF9,United Kingdom,24/02/24,TRUE
01HQZS37XHW810N2W81Z6YFQFD,Rab,Stellino,rstellino5g,rstellino5g@fotki.com,964-467-3526,Male,19/08/92,559 Carpenter Street,Aberdeen,AB39,United Kingdom,13/12/23,FALSE
01HQZS37XKQQRD9FDFB2A75TN0,Marthe,Organ,morgan5h,morgan5h@unesco.org,924-858-7510,Other,05/09/90,39983 School Place,Whitwell,DL10,United Kingdom,15/09/23,TRUE
01HQZS37XPW5WW3FCK10C0QBAZ,Drugi,Trusler,dtrusler5i,dtrusler5i@google.cn,449-248-2748,Male,17/06/97,43477 Maywood Terrace,Whitchurch,BS14,United Kingdom,14/03/23,TRUE
01HQZS37XRQWXSHZRVHDWMQC9Q,Torin,Vowden,tvowden5j,tvowden5j@ebay.co.uk,657-516-4912,Male,25/05/98,5 Ohio Way,Upton,DN21,United Kingdom,26/07/23,FALSE
01HQZS37XV2MHYFTYXM5EX3KE7,Raquel,Caller,rcaller5k,rcaller5k@feedburner.com,208-796-8132,Female,13/03/99,19 Bluejay Pass,Denton,M34,United Kingdom,04/11/23,TRUE
01HQZS37XX9Z2CFW0X3MGSRM2S,Arielle,Broxton,abroxton5l,abroxton5l@cmu.edu,760-897-9140,Female,20/05/97,62 Gerald Parkway,Manchester,M14,United Kingdom,20/07/23,TRUE
01HQZS37Y0R1BB17PV09N0BSYJ,Seward,Jewar,sjewar5m,sjewar5m@buzzfeed.com,607-844-1857,Other,27/09/90,4854 6th Junction,Glasgow,G4,United Kingdom,26/10/23,FALSE
01HQZS37Y3WN0X6GFHY0K33XN7,Ninnette,Dean,ndean5n,ndean5n@seesaa.net,259-852-4793,Female,01/01/97,490 Petterle Hill,London,SW1E,United Kingdom,31/07/23,TRUE
01HQZS37Y5VY0YWF7QGPHD0KJK,Lothario,Kneesha,lkneesha5o,lkneesha5o@facebook.com,475-284-2746,Other,05/05/91,60471 Bunting Way,Linton,BD23,United Kingdom,17/02/24,TRUE
01HQZS37Y8TMGSARQG6Z9F4NJ9,Gretna,Pyper,gpyper5p,gpyper5p@artisteer.com,803-772-1888,Female,29/01/00,16897 Cordelia Court,Charlton,OX12,United Kingdom,04/09/23,TRUE
01HQZS37YAGAQF69ST513VYQ8N,Aleece,Gilfether,agilfether5q,agilfether5q@cloudflare.com,262-208-6892,Female,11/11/91,04 Dorton Alley,London,SW1E,United Kingdom,03/10/23,TRUE
01HQZS37YDSGP9JEC82FZA7J87,Malina,Pavolillo,mpavolillo5r,mpavolillo5r@elegantthemes.com,461-664-0091,Female,05/03/96,29 Walton Plaza,Church End,CB4,United Kingdom,07/02/24,TRUE
01HQZS37YFK9YG27PVTP0ZVATY,Armin,Clemmen,aclemmen5s,aclemmen5s@privacy.gov.au,958-654-6689,Male,03/05/98,5 Buena Vista Center,Merton,SW19,United Kingdom,08/01/24,FALSE
01HQZS37YJGP9PT4NGH39RJPCZ,Bendicty,Kaesmakers,bkaesmakers5t,bkaesmakers5t@addtoany.com,158-471-1070,Other,15/12/93,561 Sullivan Place,Milton,NG22,United Kingdom,19/07/23,TRUE
01HQZS37YMS61JQDPTNMB4N30R,Lorenzo,Dunston,ldunston5u,ldunston5u@twitter.com,108-987-6618,Male,30/12/96,9521 Columbus Plaza,London,EC3M,United Kingdom,07/01/24,FALSE
01HQZS37YQ65C5KWAJFDAWYG6R,Kip,Doumenc,kdoumenc5v,kdoumenc5v@i2i.jp,270-192-8190,Female,21/10/91,5 Hallows Plaza,Wirral,CH48,United Kingdom,10/05/23,TRUE
01HQZS37YSPW2AC36QFYX6E9B6,Chip,Foggo,cfoggo5w,cfoggo5w@gnu.org,934-652-6670,Male,04/09/96,8440 Holy Cross Trail,Sheffield,S1,United Kingdom,10/04/23,TRUE
01HQZS37YW8N2KVDX6MDMZTDSZ,Parsifal,Waghorne,pwaghorne5x,pwaghorne5x@accuweather.com,928-679-8189,Male,20/11/97,8251 Ryan Terrace,Sutton,CT15,United Kingdom,31/03/23,FALSE
01HQZS37YYYA3MYG0M2GJ63KQM,Quentin,Mangin,qmangin5y,qmangin5y@marriott.com,728-671-4656,Other,05/02/91,73576 Prentice Place,Ashley,SN13,United Kingdom,22/10/23,TRUE
01HQZS37Z1T6ATV4117NXC22EG,Arni,Tydd,atydd5z,atydd5z@cyberchimps.com,178-185-6328,Male,23/11/90,13993 Vernon Parkway,Halton,LS9,United Kingdom,26/03/23,TRUE
01HQZS37Z3QP5142P88C2XYD78,Atalanta,Wayland,awayland60,awayland60@blogs.com,440-207-8914,Female,02/08/93,99180 Stephen Place,Norton,S8,United Kingdom,07/08/23,FALSE
01HQZS37Z67FFM7M3RANB5VH1Y,Darci,Winsper,dwinsper61,dwinsper61@eventbrite.com,129-539-2125,Female,06/12/98,33264 Quincy Center,Upton,DN21,United Kingdom,11/03/24,FALSE
01HQZS37Z8YH3PG5SSC838HEE7,Christos,Turmell,cturmell62,cturmell62@artisteer.com,878-960-4667,Male,23/02/98,6 Stone Corner Court,Kingston,DT10,United Kingdom,27/05/23,TRUE
01HQZS37ZBA7KJQFBHH7XVZ39J,Pavlov,Gergus,pgergus63,pgergus63@mozilla.org,160-689-3586,Male,13/03/95,9348 Morning Alley,Newton,NG34,United Kingdom,17/01/24,TRUE
01HQZS37ZD8JAP0F2V7956SR6Q,Breena,Call,bcall64,bcall64@pinterest.com,596-379-1777,Female,15/11/91,7856 Autumn Leaf Street,Bradford,BD7,United Kingdom,07/08/23,TRUE
01HQZS37ZGCCFYSZQ6CMDAKBS3,Kori,Middleweek,kmiddleweek65,kmiddleweek65@artisteer.com,109-782-0551,Female,30/12/95,3 Welch Road,London,EC1V,United Kingdom,15/06/23,TRUE
01HQZS37ZJXX9SGG7MM891VZER,Maxim,Outibridge,moutibridge66,moutibridge66@tripadvisor.com,290-667-3117,Male,03/11/92,5 Tony Court,Thorpe,BD23,United Kingdom,21/05/23,FALSE
01HQZS37ZNK65NQPX6EKPMEZT2,Kris,Weblin,kweblin67,kweblin67@jimdo.com,684-574-3829,Female,27/02/91,933 Carberry Center,London,EC1V,United Kingdom,13/12/23,TRUE
01HQZS37ZQKSV7Q40RHDGA1366,Bobine,Kilbourne,bkilbourne68,bkilbourne68@csmonitor.com,411-264-2050,Female,07/01/93,37 Northport Center,Eaton,DN22,United Kingdom,15/01/24,FALSE
01HQZS37ZT08GJKFVSQ9VBE7QE,Mikael,Chamley,mchamley69,mchamley69@washington.edu,832-933-4391,Male,13/01/94,987 Debs Park,Dean,OX7,United Kingdom,10/04/23,FALSE
01HQZS37ZWKD27B6PF0J6MVE13,Sayer,Synnott,ssynnott6a,ssynnott6a@wikispaces.com,775-386-8062,Other,25/11/90,5304 Dakota Plaza,Upton,DN21,United Kingdom,08/05/23,TRUE
01HQZS37ZZY6J5FW4K7MP57Y3Q,Kimmy,Vaughn,kvaughn6b,kvaughn6b@google.de,380-761-6558,Female,22/12/94,2224 Helena Terrace,Belfast,BT2,United Kingdom,08/01/24,TRUE
01HQZS3801DCYFT5P16P0H7SDJ,Doria,DeSousa,ddesousa6c,ddesousa6c@berkeley.edu,920-276-9412,Female,23/10/94,76687 Colorado Point,Norton,S8,United Kingdom,15/07/23,TRUE
01HQZS3805PJYVR8198FBPQC7A,Zeb,Fri,zfri6d,zfri6d@dyndns.org,690-437-5593,Male,26/09/95,396 Golf Circle,Buckland,CT16,United Kingdom,07/12/23,TRUE
01HQZS3807S6EJYKDA31KMDDMB,Llewellyn,Sabater,lsabater6e,lsabater6e@ucla.edu,887-353-0546,Male,25/12/93,091 Clyde Gallagher Lane,Charlton,OX12,United Kingdom,11/08/23,FALSE
01HQZS380AKDGET99KKSXZN9H8,Olivier,Amy,oamy6f,oamy6f@posterous.com,576-311-3507,Male,08/02/92,082 Melby Parkway,Sheffield,S1,United Kingdom,09/04/23,TRUE
01HQZS380CMTRXJFPQWV1G4WG4,Esdras,Storrock,estorrock6g,estorrock6g@tiny.cc,618-482-2130,Male,26/02/94,2 Mccormick Way,Tullich,AB55,United Kingdom,28/02/24,FALSE
01HQZS380F2D0SAPHBY15YXN48,Glory,Tatton,gtatton6h,gtatton6h@apache.org,855-928-0454,Female,16/04/95,946 Dwight Place,Ashley,SN13,United Kingdom,21/08/23,TRUE
01HQZS380HD3TME2FWJ15AV5J6,Boony,Kennsley,bkennsley6i,bkennsley6i@yahoo.co.jp,460-911-2751,Male,29/10/98,90 Di Loreto Terrace,East End,BH21,United Kingdom,30/03/23,FALSE
01HQZS380MCDGXCJPJ1FK3PQPZ,Maura,Whife,mwhife6j,mwhife6j@printfriendly.com,681-311-3752,Male,10/07/93,10 Clarendon Center,Bristol,BS41,United Kingdom,04/04/23,TRUE
01HQZS380PTV3ZFQ46HSTJYSC2,Basile,Cogle,bcogle6k,bcogle6k@studiopress.com,947-617-7974,Male,19/07/95,58 Merrick Point,Milton,AB56,United Kingdom,30/05/23,TRUE
01HQZS380S0SCH9Q1S4D694PTF,Isak,Hansbury,ihansbury6l,ihansbury6l@intel.com,356-657-4140,Male,11/03/96,2 Pepper Wood Lane,Denton,M34,United Kingdom,17/04/23,FALSE
01HQZS380VPJGDC5DS4GYCYRPK,Rey,Gartery,rgartery6m,rgartery6m@amazon.de,142-338-7423,Male,31/01/00,77764 Grim Circle,Halton,LS9,United Kingdom,16/04/23,TRUE
01HQZS380Y5FR03H442RGKQB33,Mariele,Lubeck,mlubeck6n,mlubeck6n@icio.us,550-772-7592,Female,04/06/96,2879 Florence Park,Sutton,CT15,United Kingdom,31/08/23,FALSE
01HQZS3811YPBG7AWVN4TDFZ8T,Hale,Blazey,hblazey6o,hblazey6o@sourceforge.net,862-525-6414,Male,03/09/96,08 Northland Point,Ford,GL54,United Kingdom,14/03/23,FALSE
01HQZS3813FTEN49DRWKHMAYB7,Michal,Ninnotti,mninnotti6p,mninnotti6p@blogspot.com,293-495-6009,Male,10/11/90,22812 Roxbury Parkway,Dean,OX7,United Kingdom,27/04/23,FALSE
01HQZS3816TQBC9PJSRPHHRCV3,Hurley,Divall,hdivall6q,hdivall6q@amazon.de,646-137-8585,Male,12/12/96,7 Dawn Plaza,Milton,NG22,United Kingdom,09/01/24,FALSE
01HQZS3818DGT8W45A22AFEBVC,Brad,Clutterbuck,bclutterbuck6r,bclutterbuck6r@bbb.org,571-589-2016,Male,24/03/95,28406 Longview Center,Upton,WF9,United Kingdom,08/03/24,TRUE
01HQZS381BH27AC43TNQR590DM,Isobel,Skullet,iskullet6s,iskullet6s@vkontakte.ru,622-899-5104,Female,19/09/93,7 Bultman Park,Belfast,BT2,United Kingdom,24/02/24,TRUE
01HQZS381DBRN9VF8G0QNBY87E,Lincoln,MacFarlane,lmacfarlane6t,lmacfarlane6t@furl.net,780-702-1157,Male,06/09/98,5196 Sachtjen Avenue,Newbiggin,NE46,United Kingdom,18/08/23,FALSE
01HQZS381GHT7Y8ZG95TFP36G7,Abbi,Kinlock,akinlock6u,akinlock6u@icio.us,266-163-7240,Female,15/06/96,19 Banding Hill,Kinloch,PH43,United Kingdom,28/06/23,FALSE
01HQZS381JM4S74W728ET7E3X1,Damian,Guarin,dguarin6v,dguarin6v@ustream.tv,712-623-8352,Male,22/08/95,8 Bowman Terrace,Craigavon,BT66,United Kingdom,03/12/23,FALSE
01HQZS381N9G52CNQJV11T16WY,Candide,Hinder,chinder6w,chinder6w@dyndns.org,430-586-7563,Female,25/04/94,2 Dottie Lane,Tullich,AB55,United Kingdom,19/05/23,TRUE
01HQZS381QDK7FWT9MHHVVGV3K,Roselia,Ipsley,ripsley6x,ripsley6x@whitehouse.gov,924-280-9194,Female,01/08/95,4 Dennis Drive,Hatton,CV35,United Kingdom,09/09/23,FALSE
01HQZS381SVVKCFJARAFKTJDA1,Joeann,Davy,jdavy6y,jdavy6y@flickr.com,565-465-8292,Other,30/08/93,9658 Sundown Circle,Milton,AB56,United Kingdom,04/09/23,FALSE
01HQZS381VCJJ9W074BM2RRG4C,Elisabetta,Urian,eurian6z,eurian6z@hao123.com,887-706-3667,Female,16/10/97,46 Talisman Alley,Newbiggin,NE46,United Kingdom,12/10/23,FALSE
01HQZS381YJBX7ABC0P2Q3756M,Homer,Tarney,htarney70,htarney70@topsy.com,111-561-0712,Male,01/03/92,4701 Vermont Trail,London,SW1E,United Kingdom,25/08/23,FALSE
01HQZS3820TNVN4VTX7ZKFRBJP,Elsbeth,Warrell,ewarrell71,ewarrell71@surveymonkey.com,133-512-9147,Female,16/09/98,370 Old Gate Drive,Stapleford,LN6,United Kingdom,05/05/23,FALSE
01HQZS3822D61EFPFPXVYBP2Y6,Palmer,Strowger,pstrowger72,pstrowger72@wordpress.org,713-857-7507,Male,16/01/00,790 Helena Way,Ford,GL54,United Kingdom,14/05/23,FALSE
01HQZS3825SXP43G48XR79RTCP,Skelly,McGarahan,smcgarahan73,smcgarahan73@google.ru,343-473-2180,Male,11/12/91,54295 North Lane,Birmingham,B40,United Kingdom,06/08/23,FALSE
01HQZS3827FQJ2QPFT5C0YJXG9,Blakeley,Arkill,barkill74,barkill74@sciencedaily.com,767-686-5955,Female,27/07/99,3 Brown Plaza,Stapleford,LN6,United Kingdom,15/06/23,TRUE
01HQZS3829QTVZQWKES1B2SPPW,Stacia,Selwyne,sselwyne75,sselwyne75@sourceforge.net,926-706-6737,Female,11/01/91,7665 Hanover Terrace,Milton,AB56,United Kingdom,01/04/23,TRUE
01HQZS382CJES6VS0H7M45533J,Sharlene,Riddel,sriddel76,sriddel76@hhs.gov,735-732-2992,Female,24/05/96,2842 Hermina Way,Charlton,OX12,United Kingdom,03/05/23,TRUE
01HQZS382EQFH938V8H619BJW8,Estella,Fright,efright77,efright77@ftc.gov,588-101-9906,Female,26/08/98,62 Summit Park,Sutton,CT15,United Kingdom,25/02/24,TRUE
01HQZS382GXWXDY6CX2CDRB4YZ,Julita,Prest,jprest78,jprest78@seattletimes.com,707-147-5266,Female,16/07/91,214 Gale Court,Milton,AB56,United Kingdom,02/07/23,TRUE
01HQZS382KQWZHXYY9P70Q00E0,Albertina,Britian,abritian79,abritian79@wordpress.org,974-773-7020,Female,05/06/93,11 Hagan Hill,Norton,S8,United Kingdom,25/06/23,FALSE
01HQZS382N2B4PD58HGQFW9YNT,Trixie,Isbell,tisbell7a,tisbell7a@seesaa.net,106-678-7764,Female,24/08/98,97 Troy Pass,Norton,S8,United Kingdom,11/12/23,TRUE
01HQZS382QJDN41T1TXD2Z239F,Durante,Pearne,dpearne7b,dpearne7b@nbcnews.com,603-940-5138,Male,26/05/98,8 Menomonie Crossing,Church End,CB4,United Kingdom,19/07/23,FALSE
01HQZS382TG8GT42G7DBNV2VSQ,Giraldo,Joutapavicius,gjoutapavicius7c,gjoutapavicius7c@marketwatch.com,759-595-6588,Male,02/11/99,9959 Burning Wood Avenue,Normanton,LE15,United Kingdom,20/06/23,TRUE
01HQZS382W2V2GYG3JMK8BZ7JA,Chantalle,Dorot,cdorot7d,cdorot7d@hhs.gov,886-582-9257,Female,03/03/92,98337 Tomscot Trail,Ashley,SN13,United Kingdom,14/10/23,FALSE
01HQZS382YX8M68S908SSW8R1J,Alvie,Cary,acary7e,acary7e@creativecommons.org,588-844-0443,Male,24/03/99,31 Lotheville Park,Tullich,AB55,United Kingdom,01/03/24,TRUE
01HQZS38314Z9NJ6C0C71PS2FB,Bea,Dunseith,bdunseith7f,bdunseith7f@ifeng.com,493-619-9094,Female,29/11/91,43 Pleasure Circle,Milton,AB56,United Kingdom,03/12/23,FALSE
01HQZS3833R7DW5P13YPS72E0D,Shannon,Baumert,sbaumert7g,sbaumert7g@nyu.edu,459-374-6599,Male,09/04/91,52657 Muir Drive,Normanton,LE15,United Kingdom,09/01/24,FALSE
01HQZS3836NP5WCBT9KXRW9537,Malory,Robbe,mrobbe7h,mrobbe7h@dagondesign.com,915-834-6230,Female,24/08/93,128 Washington Street,Norton,S8,United Kingdom,20/05/23,FALSE
01HQZS3838QQEGKPARJ6ZKK7DJ,Carmelia,Blunsden,cblunsden7i,cblunsden7i@dagondesign.com,611-206-9156,Female,18/11/90,94 Atwood Plaza,Walton,CV35,United Kingdom,01/05/23,TRUE
01HQZS383BF1XSEKT7R0YR76T1,Viviyan,Wagge,vwagge7j,vwagge7j@hostgator.com,278-321-1110,Female,14/04/99,6 Clove Trail,Carlton,DL8,United Kingdom,25/04/23,FALSE
01HQZS383DQ3MAC42WVX55ZCRE,Ettie,Heisman,eheisman7k,eheisman7k@sun.com,240-796-3246,Female,13/08/92,23 Mallory Hill,Aston,TF6,United Kingdom,08/02/24,TRUE
01HQZS383F8CV2FHYWQBXCAZR9,Dame,Brinicombe,dbrinicombe7l,dbrinicombe7l@narod.ru,522-962-1237,Male,27/09/96,82 Fieldstone Street,Church End,CB4,United Kingdom,05/09/23,FALSE
01HQZS383J8C9KSY84H136PV7J,Oren,Southerton,osoutherton7m,osoutherton7m@unesco.org,951-975-2547,Male,03/10/96,2 7th Place,Craigavon,BT66,United Kingdom,30/04/23,TRUE
01HQZS383MCE3DKY1WH2ENNAEB,Gerald,Cuttings,gcuttings7n,gcuttings7n@opensource.org,722-757-0540,Male,08/07/93,7464 Dahle Lane,London,WC2H,United Kingdom,04/11/23,FALSE
01HQZS383P7KANRKRV1CJZBS9X,Pooh,Barts,pbarts7o,pbarts7o@globo.com,261-875-5415,Male,29/04/94,99359 Longview Drive,Norton,NN11,United Kingdom,30/08/23,TRUE
01HQZS383SK6ET70K60JARNSB6,Dido,Devas,ddevas7p,ddevas7p@woothemes.com,423-398-7202,Female,21/04/94,33672 Starling Plaza,Weston,GU32,United Kingdom,13/03/24,FALSE
01HQZS383VMTAR1JSDDY2PRMWA,Evie,Durman,edurman7q,edurman7q@google.fr,906-271-5100,Female,29/03/90,037 Roxbury Way,Pentre,SY4,United Kingdom,26/12/23,TRUE
01HQZS383YQ8X2TAXGHT66W4ND,Ingeberg,Pennini,ipennini7r,ipennini7r@ezinearticles.com,335-761-1042,Other,11/08/96,32 Mitchell Lane,Milton,NG22,United Kingdom,21/10/23,FALSE
01HQZS3841PENHA3W7JF3VK4ZY,Monte,Lindegard,mlindegard7s,mlindegard7s@etsy.com,257-715-1928,Male,24/02/94,23153 Pleasure Way,Kingston,DT10,United Kingdom,17/08/23,TRUE
01HQZS3843C2S5SGX8364K0H7Y,Hasty,Rodliff,hrodliff7t,hrodliff7t@e-recht24.de,877-414-9996,Male,29/06/98,550 Armistice Court,Middleton,LE16,United Kingdom,19/12/23,FALSE
01HQZS3845V9W0Z82BGJEMK2GT,Corrine,Macia,cmacia7u,cmacia7u@ocn.ne.jp,826-509-9379,Other,30/12/91,12 Myrtle Park,East End,BH21,United Kingdom,06/05/23,FALSE
01HQZS3848WVBGSD5QM3JNY189,Susanne,Tawton,stawton7v,stawton7v@nydailynews.com,645-216-6077,Female,18/05/93,16 Bobwhite Hill,Sheffield,S1,United Kingdom,26/05/23,FALSE
01HQZS384BHGFPG39RGY9CS9G1,Darrin,Peddel,dpeddel7w,dpeddel7w@alexa.com,241-417-9325,Male,09/02/98,54237 Clove Place,Newport,NR29,United Kingdom,29/05/23,TRUE
01HQZS384DCQF9VD1YF56SSH71,Clementine,Caroli,ccaroli7x,ccaroli7x@spiegel.de,827-768-8632,Female,25/02/92,06 Cherokee Plaza,Upton,WF9,United Kingdom,02/04/23,TRUE
01HQZS384G0WQ300HYRKYXGJ0K,Shae,Kuschek,skuschek7y,skuschek7y@bluehost.com,938-776-4932,Male,01/12/94,0131 Kenwood Park,Newton,NG34,United Kingdom,20/07/23,TRUE
01HQZS384JM5N5MT9S8Q8H70NT,Arluene,Gulc,agulc7z,agulc7z@github.io,422-949-3094,Female,28/04/95,6549 Johnson Way,Twyford,LE14,United Kingdom,11/02/24,FALSE
01HQZS384M6PJRAQ76YWV66FVV,Hilario,Mottley,hmottley80,hmottley80@chron.com,603-914-9959,Male,01/04/96,804 Pennsylvania Drive,East End,BH21,United Kingdom,01/02/24,TRUE
01HQZS384QVVN82NP5KA02H0P2,Guglielmo,Kenchington,gkenchington81,gkenchington81@hostgator.com,790-621-1541,Male,16/02/93,3 Oakridge Park,Newtown,RG20,United Kingdom,06/04/23,FALSE
01HQZS384S18Q09EN7RBNACMMN,Ogdon,Felmingham,ofelmingham82,ofelmingham82@shop-pro.jp,166-133-2691,Male,12/05/99,388 Express Terrace,Kirkton,KW10,United Kingdom,30/09/23,FALSE
01HQZS384WNTSKK2H8204G25DB,Correy,Trevear,ctrevear83,ctrevear83@hhs.gov,995-315-3579,Male,22/03/98,69 Mockingbird Circle,Bradford,BD7,United Kingdom,24/12/23,FALSE
01HQZS384Y8K1QNBN3H87SEXRT,Elysia,Clulow,eclulow84,eclulow84@theatlantic.com,402-983-9754,Female,22/05/92,35648 Pawling Point,Sheffield,S1,United Kingdom,23/09/23,FALSE
01HQZS3850WNX06J3171SZE11A,Briana,Knell,bknell85,bknell85@csmonitor.com,196-503-3252,Female,03/12/92,8 Corscot Place,Church End,CB4,United Kingdom,30/01/24,FALSE
01HQZS3853XX7S9G29N90SW4ZH,Minne,Claus,mclaus86,mclaus86@google.com.au,884-523-3343,Female,14/02/94,7 Spaight Terrace,Horton,BS37,United Kingdom,24/10/23,TRUE
01HQZS3855EFSM7EVT1RQT0GMG,Conrade,Wines,cwines87,cwines87@arstechnica.com,698-323-8953,Male,11/10/91,62562 5th Alley,Aberdeen,AB39,United Kingdom,15/10/23,FALSE
01HQZS38584AQ4FMXVA6Z7HZ0Q,Emiline,Strete,estrete88,estrete88@cyberchimps.com,597-306-1354,Female,30/11/90,3 Magdeline Avenue,Dean,OX7,United Kingdom,22/04/23,TRUE
01HQZS385AGKET9GSV266M4JV7,Davida,Ions,dions89,dions89@cbc.ca,282-264-6573,Female,27/05/96,9231 Truax Avenue,Whitchurch,BS14,United Kingdom,03/10/23,FALSE
01HQZS385CWT7MQWEEY6VNFHSS,Buddy,Stonnell,bstonnell8a,bstonnell8a@purevolume.com,239-350-5282,Male,28/05/95,963 Butterfield Trail,Normanton,LE15,United Kingdom,23/06/23,TRUE
01HQZS385FNCAWRMQ1D7R8N84H,Rosetta,Frew,rfrew8b,rfrew8b@timesonline.co.uk,831-646-6426,Female,17/09/97,660 Moulton Circle,Brampton,NR34,United Kingdom,15/10/23,FALSE
01HQZS385HFGJAHKWYS5S5BS6A,Marcela,Murden,mmurden8c,mmurden8c@tripadvisor.com,601-893-5329,Other,11/12/95,3 Maywood Avenue,Kirkton,KW10,United Kingdom,26/05/23,FALSE
01HQZS385M1Y3ZJSSDDZRXCKJK,Clarey,Fleis,cfleis8d,cfleis8d@uol.com.br,822-318-9426,Female,09/07/96,180 Coolidge Avenue,Horton,BS37,United Kingdom,22/10/23,TRUE
01HQZS385P72491S7PQ46Y08CN,Pedro,Badini,pbadini8e,pbadini8e@dedecms.com,865-903-7488,Male,24/10/91,392 Kensington Court,Liverpool,L74,United Kingdom,29/01/24,FALSE
01HQZS385R0KET40YHAC5EKZ74,Wolfie,Napoleone,wnapoleone8f,wnapoleone8f@dailymotion.com,702-975-7369,Male,07/03/96,85195 Johnson Pass,London,EC3M,United Kingdom,12/06/23,TRUE
01HQZS385T847V7VKBQW9VBZP3,Peirce,Norquoy,pnorquoy8g,pnorquoy8g@narod.ru,850-499-4179,Male,26/09/93,17310 Mesta Street,Horton,BS37,United Kingdom,15/11/23,TRUE
01HQZS385XG7NVWTHSB29YXQB3,Delphinia,Laterza,dlaterza8h,dlaterza8h@wired.com,487-566-1898,Female,06/08/91,704 Continental Crossing,Stapleford,LN6,United Kingdom,05/04/23,FALSE
01HQZS385ZTH45M45TA7TB3E6B,Iorgo,Morkham,imorkham8i,imorkham8i@behance.net,645-824-7316,Other,11/07/90,2 Valley Edge Trail,Horton,BS37,United Kingdom,28/07/23,TRUE
01HQZS3862SX9KWABRWHV38XS3,Humberto,Manns,hmanns8j,hmanns8j@tripadvisor.com,116-933-3723,Male,06/01/95,7 Glacier Hill Terrace,Norton,S8,United Kingdom,07/10/23,TRUE
01HQZS38645MWKJJ9THR44FZ9G,Grant,Garrigan,ggarrigan8k,ggarrigan8k@joomla.org,655-220-1869,Male,23/10/92,38 Loeprich Terrace,Church End,N3,United Kingdom,01/12/23,TRUE
01HQZS3866V5T3YSRRY1WSM9QN,Etta,Ride,eride8l,eride8l@phoca.cz,750-522-9081,Female,09/05/90,50177 Mallard Parkway,Merton,SW19,United Kingdom,01/06/23,FALSE
01HQZS3869VEYTDP3TVBGT5M35,Harlin,Kirvell,hkirvell8m,hkirvell8m@xrea.com,270-203-3685,Male,28/11/98,82936 Sutherland Terrace,Birmingham,B12,United Kingdom,14/02/24,TRUE
01HQZS386BE5EWKJ56NJAGASRS,Tanner,Kreuzer,tkreuzer8n,tkreuzer8n@netvibes.com,339-189-4301,Male,19/07/94,198 Mockingbird Court,Kingston,DT10,United Kingdom,20/09/23,FALSE
01HQZS386DW6536PSJZY03TYRT,Cullen,Balducci,cbalducci8o,cbalducci8o@t.co,678-915-3520,Male,10/03/98,5 Hollow Ridge Avenue,Horton,BS37,United Kingdom,17/05/23,FALSE
01HQZS386G8X6CFWFR9WDGXNN4,Renata,Staden,rstaden8p,rstaden8p@gmpg.org,845-149-9544,Female,17/10/97,707 Birchwood Street,Kirkton,KW10,United Kingdom,19/06/23,TRUE
01HQZS386JDEHYHTEZWXKTX0FY,Essa,Mordon,emordon8q,emordon8q@jalbum.net,755-121-3389,Female,11/04/90,2841 Debs Road,London,W1F,United Kingdom,12/07/23,TRUE
01HQZS386MW39PSTVE5EZTQT7J,Rollin,Pengilly,rpengilly8r,rpengilly8r@livejournal.com,115-788-9218,Male,22/11/96,2 Veith Trail,Bristol,BS41,United Kingdom,25/01/24,TRUE
01HQZS386Q3ME2G5Y6Q2PVSSPD,Hall,Andreutti,handreutti8s,handreutti8s@statcounter.com,736-352-2420,Male,25/03/92,756 Mifflin Street,Upton,WF9,United Kingdom,29/04/23,FALSE
01HQZS386SNCT3YZQBY0ZVPB0S,Demetra,Tregona,dtregona8t,dtregona8t@biblegateway.com,417-914-0588,Female,23/03/90,8 Mariners Cove Avenue,Milton,AB56,United Kingdom,29/11/23,TRUE
01HQZS386VBJWWCHZ5DDFK9BA4,Evangeline,Rooksby,erooksby8u,erooksby8u@posterous.com,900-913-7093,Female,19/03/91,349 Roth Drive,Sheffield,S1,United Kingdom,21/09/23,TRUE
01HQZS386YF3Y2F5C4F7SGSC1J,Hyman,Dobrowlski,hdobrowlski8v,hdobrowlski8v@spiegel.de,144-965-8044,Male,29/04/99,9 Ridgeview Park,Middleton,LE16,United Kingdom,22/03/23,FALSE
01HQZS3870NBYDB0T03Z9K98M9,Edlin,Hovenden,ehovenden8w,ehovenden8w@github.io,804-921-3763,Male,27/07/92,11 Vidon Parkway,Ashley,SN13,United Kingdom,07/01/24,FALSE
01HQZS3872MTPJNZ6Q8RC6K0B8,Suzie,Drinkwater,sdrinkwater8x,sdrinkwater8x@independent.co.uk,937-660-5282,Female,13/02/91,8662 Lyons Hill,Tullich,AB55,United Kingdom,30/01/24,FALSE
01HQZS3874GCPXJ4FPS2NKF8CX,Shelbi,Peyro,speyro8y,speyro8y@sourceforge.net,528-649-3731,Female,25/09/92,556 Caliangt Trail,Carlton,DL8,United Kingdom,12/11/23,TRUE
01HQZS3876MMQ4Z6HBMHK2KKAP,Jamima,Gallemore,jgallemore8z,jgallemore8z@is.gd,858-433-0337,Female,06/07/96,2 Buhler Plaza,Aberdeen,AB39,United Kingdom,04/01/24,FALSE
01HQZS3878C0Z3ZJQKYBJRD93F,Gerianna,Eede,geede90,geede90@blogtalkradio.com,605-805-2872,Other,31/10/98,854 Derek Drive,Upton,DN21,United Kingdom,26/11/23,FALSE
01HQZS387B9EZQFTSVWK6ZEH6X,Evered,Curbishley,ecurbishley91,ecurbishley91@redcross.org,345-958-1453,Male,16/08/90,30 Anderson Avenue,Charlton,OX12,United Kingdom,03/01/24,FALSE
01HQZS387DPH4K9B6CYZ9F0VA8,Kirsten,Lerven,klerven92,klerven92@seesaa.net,555-330-1024,Female,03/09/98,83 Orin Plaza,Sutton,RH5,United Kingdom,04/10/23,TRUE
01HQZS387FQY6BKVFMM2R0CXAY,Dulcinea,Lynnett,dlynnett93,dlynnett93@xrea.com,407-768-1473,Female,02/02/99,4444 Hooker Drive,Pentre,SY4,United Kingdom,09/05/23,FALSE
01HQZS387H6ZF22JTGEAHD4KYS,Henriette,Gresch,hgresch94,hgresch94@drupal.org,856-259-0464,Female,02/02/98,72274 Lillian Trail,Leeds,LS6,United Kingdom,07/04/23,FALSE
01HQZS387K2B3Z77JDXE2VZT4J,Ulrika,Deaves,udeaves95,udeaves95@taobao.com,345-735-3444,Female,13/02/96,5983 Dottie Lane,Liverpool,L33,United Kingdom,12/09/23,TRUE
01HQZS387N8YX7WYJMW776Z5PP,Terra,Van Hoff,tvanthoff96,tvanthoff96@istockphoto.com,618-632-5469,Female,25/04/96,69389 Norway Maple Circle,Belfast,BT2,United Kingdom,31/05/23,FALSE
01HQZS387RFPHXG1TGW9TKWNSG,Asher,Glide,aglide97,aglide97@shinystat.com,228-990-9410,Male,28/07/94,60142 Sachs Drive,Preston,PR1,United Kingdom,14/03/23,TRUE
01HQZS387TBGSPKG94MNYF00WK,Justis,House,jhouse98,jhouse98@google.cn,767-341-1501,Male,29/03/91,94 Barby Place,Church End,N3,United Kingdom,10/04/23,FALSE
01HQZS387WZBJ94Q35GC37N222,Rudie,Ledingham,rledingham99,rledingham99@weibo.com,846-756-2787,Male,21/06/91,64414 Swallow Road,Newport,NR29,United Kingdom,11/09/23,FALSE
01HQZS387YABFTCFGNEZTSMJ97,Preston,Demangeot,pdemangeot9a,pdemangeot9a@hugedomains.com,156-768-2483,Male,29/11/91,791 8th Park,Dean,OX7,United Kingdom,02/11/23,FALSE
01HQZS3880EM6RM66ZYC1H5891,Parker,Swaby,pswaby9b,pswaby9b@live.com,982-649-3524,Male,18/06/96,5043 Eagle Crest Plaza,Langley,SG4,United Kingdom,06/03/24,FALSE
01HQZS3882VGD66EYSWMS1EGA5,Shel,Jilkes,sjilkes9c,sjilkes9c@technorati.com,634-573-0232,Female,06/01/97,1420 Lawn Way,Newbiggin,NE46,United Kingdom,06/08/23,TRUE
01HQZS3885TRVPKQJVXFRWT3ZH,Lona,Danneil,ldanneil9d,ldanneil9d@bloomberg.com,250-194-0223,Other,12/03/93,4745 Namekagon Alley,Craigavon,BT66,United Kingdom,23/09/23,FALSE
01HQZS3887XC7TJTEBCGR60QK8,Samantha,Alton,salton9e,salton9e@who.int,463-567-6088,Female,19/02/98,95 Marquette Trail,Kingston,DT10,United Kingdom,17/01/24,FALSE
01HQZS3889THE957BB1Z7TRE4Q,Eldridge,Melladew,emelladew9f,emelladew9f@wikispaces.com,728-308-2657,Male,12/07/95,636 Butternut Junction,Marston,ST20,United Kingdom,25/04/23,TRUE
01HQZS388BRKAXVG7T825BQFQN,Jared,Twinn,jtwinn9g,jtwinn9g@disqus.com,127-112-2024,Male,09/06/90,72055 Carey Avenue,Kingston,DT10,United Kingdom,27/12/23,TRUE
01HQZS388DQHJ8MQF2HYZMDFW8,Nanette,Guyer,nguyer9h,nguyer9h@cbsnews.com,873-779-1765,Female,12/06/93,97 Almo Crossing,Brampton,NR34,United Kingdom,01/12/23,TRUE
01HQZS388FXGBJYZQ2G70KD63Q,Norbie,Mansour,nmansour9i,nmansour9i@i2i.jp,396-447-4133,Other,20/01/93,4493 Fallview Point,Craigavon,BT66,United Kingdom,25/06/23,FALSE
01HQZS388JW37ED98WVH4AFEJ0,Rollin,Jodlowski,rjodlowski9j,rjodlowski9j@spotify.com,326-971-6147,Male,06/09/93,93 Morning Court,Milton,NG22,United Kingdom,09/03/24,TRUE
01HQZS388M5N957R8NJ4Z54TD8,Sandra,Clemo,sclemo9k,sclemo9k@usnews.com,713-601-1159,Female,19/11/92,50089 Fairfield Junction,Ashley,SN13,United Kingdom,08/03/24,TRUE
01HQZS388PW6WTHXXJ1RABAJYN,Aurilia,Bisset,abisset9l,abisset9l@edublogs.org,990-430-3600,Female,14/08/93,1100 Farragut Park,London,EC3M,United Kingdom,25/06/23,TRUE
01HQZS388RGEHWW6G3E8MWDGRC,Portie,Cantillon,pcantillon9m,pcantillon9m@feedburner.com,328-559-3497,Male,21/12/93,39120 Prairie Rose Park,Newton,IV1,United Kingdom,23/01/24,TRUE
01HQZS388TBJN0SSZXQXY73DK5,Eldin,Greet,egreet9n,egreet9n@examiner.com,628-562-9247,Male,21/06/93,363 Cascade Plaza,Newton,IV1,United Kingdom,01/10/23,TRUE
01HQZS388WHW68QRP0FYJBFVJF,Tucky,Rymer,trymer9o,trymer9o@plala.or.jp,435-971-4021,Male,24/08/96,6 Aberg Alley,Kirkton,KW10,United Kingdom,20/05/23,TRUE
01HQZS388Y31BPFW57SGWPQPCA,Jaquenette,Stitfall,jstitfall9p,jstitfall9p@vimeo.com,234-401-4582,Female,07/07/90,06322 Onsgard Pass,Carlton,DL8,United Kingdom,25/08/23,FALSE
01HQZS38910MTA8Y0E6DTA72TT,Elli,Harvey,eharvey9q,eharvey9q@cbsnews.com,574-619-6813,Female,08/03/98,24 Lien Avenue,Halton,LS9,United Kingdom,11/06/23,TRUE
01HQZS38939P6ZYVJB5E4FBYNV,Tawnya,Grodden,tgrodden9r,tgrodden9r@tripod.com,245-783-7084,Female,09/01/00,81986 Miller Parkway,London,EC3M,United Kingdom,09/08/23,TRUE
01HQZS3895NN643ZBQBKHNJE82,Dacy,Drezzer,ddrezzer9s,ddrezzer9s@photobucket.com,122-118-4022,Female,04/11/99,0890 Browning Pass,Upton,WF9,United Kingdom,09/03/24,TRUE
01HQZS389762HJR7NQ1PKFVCPJ,Caria,Rollo,crollo9t,crollo9t@rediff.com,411-722-5939,Female,31/03/97,676 Porter Trail,Preston,PR1,United Kingdom,03/01/24,TRUE
01HQZS3899ZEWCS1PWJFBY3Q5V,Ettore,Slowgrove,eslowgrove9u,eslowgrove9u@utexas.edu,734-742-3573,Male,26/10/95,85 Mandrake Street,Bradford,BD7,United Kingdom,31/08/23,TRUE
01HQZS389CGTSQE5786XQMYHQW,Margeaux,Soame,msoame9v,msoame9v@edublogs.org,344-386-9879,Female,31/10/92,00 Arrowood Plaza,Edinburgh,EH9,United Kingdom,10/06/23,FALSE
01HQZS389EJN4DGXDRW078QM82,Marmaduke,Ianson,mianson9w,mianson9w@cdc.gov,392-222-6511,Male,31/07/90,3 Farwell Place,Brampton,NR34,United Kingdom,11/09/23,FALSE
01HQZS389GH3JKCG6DAB1VJZ56,Paton,Flawn,pflawn9x,pflawn9x@ifeng.com,993-868-5240,Male,15/02/96,152 Elgar Lane,Eaton,DN22,United Kingdom,04/08/23,TRUE
01HQZS389J6K7W4SHWTP2BB97T,Lilla,Alecock,lalecock9y,lalecock9y@cnbc.com,862-660-6525,Female,28/07/90,004 Kinsman Trail,Milton,AB56,United Kingdom,11/10/23,TRUE
01HQZS389M2RZH3EXSSKVAJQJQ,Isa,Swindle,iswindle9z,iswindle9z@acquirethisname.com,344-136-6741,Male,26/12/97,336 Veith Trail,Newport,NR29,United Kingdom,05/04/23,FALSE
01HQZS389P3YYYN7JXK3FDJ3FQ,Gerhard,McCooke,gmccookea0,gmccookea0@unesco.org,677-672-0443,Male,07/01/94,3 Declaration Park,Sutton,CT15,United Kingdom,28/05/23,TRUE
01HQZS389RDJ41CK239JKCKWB8,Rey,Fenelon,rfenelona1,rfenelona1@delicious.com,748-901-3241,Female,17/01/99,776 Dorton Place,Walton,CV35,United Kingdom,09/12/23,TRUE
01HQZS389VCWJ2S5XR655JE4HN,Ezekiel,Hosby,ehosbya2,ehosbya2@gizmodo.com,993-580-2185,Male,23/09/92,328 Gulseth Hill,Newton,NG34,United Kingdom,05/05/23,TRUE
01HQZS389XD3M245AA96KY163Z,Vlad,Burrel,vburrela3,vburrela3@alibaba.com,694-128-9605,Male,08/03/98,34 Gale Alley,Weston,GU32,United Kingdom,07/05/23,FALSE
01HQZS389Z26ZAKQTB8GKX810T,Dar,Clayden,dclaydena4,dclaydena4@geocities.jp,556-984-6403,Male,01/08/94,0 Pine View Alley,Sheffield,S33,United Kingdom,25/09/23,TRUE
01HQZS38A1PTKJYV70NPAZ7FW3,Cherice,Sollime,csollimea5,csollimea5@xinhuanet.com,868-167-5226,Female,03/02/94,732 Kim Plaza,London,EC3M,United Kingdom,14/03/23,FALSE
01HQZS38A3HTD84JXEV4X2JF3G,Dannye,Sambells,dsambellsa6,dsambellsa6@123-reg.co.uk,866-518-5904,Female,24/04/90,307 Granby Road,Brampton,NR34,United Kingdom,12/09/23,TRUE
01HQZS38A5FJ6M8F8YK2H44JG4,Kelcie,Kenner,kkennera7,kkennera7@geocities.jp,790-521-5403,Female,06/11/98,5222 Debra Alley,Merton,SW19,United Kingdom,08/06/23,TRUE
01HQZS38A770BB5QWVJRYBJP23,Rey,Sketch,rsketcha8,rsketcha8@tripadvisor.com,461-392-7384,Male,01/07/92,0 Southridge Avenue,Denton,M34,United Kingdom,10/05/23,FALSE
01HQZS38A95BPTM09JNP39D9XN,Jaime,Dooghaine,jodooghainea9,jodooghainea9@surveymonkey.com,609-607-3645,Female,28/02/99,87 Scoville Circle,Liverpool,L74,United Kingdom,04/07/23,TRUE
01HQZS38ACRDKF1TN40CP0AD5K,Tanitansy,Lewis,tlewisaa,tlewisaa@list-manage.com,393-298-6499,Female,18/01/96,418 Karstens Park,West End,DN36,United Kingdom,22/05/23,FALSE
01HQZS38AED7V5KYCGPS6NNAPB,Sherline,Rumsey,srumseyab,srumseyab@whitehouse.gov,950-975-1503,Female,18/12/96,13935 Sycamore Plaza,Charlton,OX12,United Kingdom,05/03/24,FALSE
01HQZS38AGVSPSMJTZYHYCCZ0Q,Valaree,Chastel,vchastelac,vchastelac@deviantart.com,982-569-3236,Other,15/12/96,06 Del Mar Drive,London,EC1V,United Kingdom,27/07/23,FALSE
01HQZS38AJJP20SZVQTSQCPWEG,Nettie,Crother,ncrotherad,ncrotherad@sfgate.com,592-724-4624,Female,05/08/96,63 Lyons Parkway,Ford,GL54,United Kingdom,21/07/23,FALSE
01HQZS38AM6J4M9ADKXVNWCPY8,Sherm,Emmert,semmertae,semmertae@pcworld.com,435-780-9905,Male,15/02/91,66571 Logan Street,Swindon,SN1,United Kingdom,01/08/23,TRUE
01HQZS38APRRJFXA6AJYT5RGYH,Chev,Mulcaster,cmulcasteraf,cmulcasteraf@hubpages.com,134-684-6265,Male,07/01/99,4294 North Pass,Birmingham,B40,United Kingdom,25/04/23,TRUE
01HQZS38ASY004AK5BDJSHRDMK,Shayne,Rosenfield,srosenfieldag,srosenfieldag@guardian.co.uk,956-173-5661,Other,14/11/98,1084 Kensington Hill,Halton,LS9,United Kingdom,28/07/23,FALSE
01HQZS38AVHEP7RKY5JHMBE40R,Modestia,Shadwick,mshadwickah,mshadwickah@timesonline.co.uk,980-471-7650,Female,06/11/90,5 Derek Trail,Belfast,BT2,United Kingdom,27/04/23,TRUE
01HQZS38AX9JH1SEWHSQZY757P,Ivory,Oene,ioeneai,ioeneai@google.ca,314-695-9719,Female,15/04/90,19149 Mayer Plaza,Thorpe,BD23,United Kingdom,09/03/24,TRUE
01HQZS38AZV8C29ZZH9CW512FQ,Eachelle,Soame,esoameaj,esoameaj@bbc.co.uk,367-350-3383,Other,27/04/95,621 Arkansas Hill,Norton,S8,United Kingdom,05/12/23,TRUE
01HQZS38B17BQSFVTH1PWHGQP9,Hillard,Bennett,hbennettak,hbennettak@alexa.com,318-124-7951,Male,08/09/97,9 Pennsylvania Alley,West End,DN36,United Kingdom,04/07/23,TRUE
01HQZS38B3X1C088Z9JZDWW0F8,Caron,Goodger,cgoodgeral,cgoodgeral@upenn.edu,796-150-4545,Female,11/07/93,36 Carpenter Pass,Sutton,RH5,United Kingdom,02/04/23,TRUE
01HQZS38B5PP1A0KX08F38NBPP,Magda,Pendry,mpendryam,mpendryam@mysql.com,496-681-4769,Female,01/07/94,1339 Clemons Parkway,Linton,BD23,United Kingdom,20/11/23,TRUE
01HQZS38B8WDFFTKAFYA6XBNGP,Lin,Manuele,lmanuelean,lmanuelean@census.gov,857-286-7290,Female,31/10/91,2 Hooker Street,Weston,GU32,United Kingdom,12/01/24,FALSE
01HQZS38BARVSY65WKR7S7CNDT,Valera,Avrahamian,vavrahamianao,vavrahamianao@dailymotion.com,994-125-7064,Male,18/07/90,167 Talisman Court,Kingston,DT10,United Kingdom,15/01/24,TRUE
01HQZS38BCGY4ME709E6DY427H,Sayer,Blei,sbleiap,sbleiap@merriam-webster.com,794-838-2933,Male,04/02/93,08285 American Avenue,Stapleford,LN6,United Kingdom,08/02/24,FALSE
01HQZS38BE36XSYPG54PXTKCX4,Nye,Brownstein,nbrownsteinaq,nbrownsteinaq@dropbox.com,597-649-5194,Male,21/03/95,58383 Anzinger Plaza,Swindon,SN1,United Kingdom,13/04/23,TRUE
01HQZS38BGYTNTB70DXE19HF2Y,Ardis,Lackeye,alackeyear,alackeyear@csmonitor.com,122-169-9609,Female,02/07/99,2 Gerald Court,Pentre,SY4,United Kingdom,09/09/23,FALSE
01HQZS38BJZ6HK2082X90631AX,Lilith,Cardoso,lcardosoas,lcardosoas@dell.com,765-608-6041,Female,11/04/99,604 Daystar Terrace,Wirral,CH48,United Kingdom,29/07/23,TRUE
01HQZS38BMEP4BWRSF86FK6KG5,Gerard,Obell,gobellat,gobellat@wikimedia.org,282-741-3903,Male,16/03/93,4 Valley Edge Terrace,Belfast,BT2,United Kingdom,17/11/23,TRUE
01HQZS38BQKG63BCA60TYKB0QX,Blondelle,Leijs,bleijsau,bleijsau@wisc.edu,899-508-0299,Female,12/01/00,33664 Reinke Place,Manchester,M14,United Kingdom,19/01/24,TRUE
01HQZS38BSC8J66BM7Z98GCAAD,Prentiss,Greenough,pgreenoughav,pgreenoughav@bbb.org,321-203-8600,Male,23/05/96,2225 Doe Crossing Court,Stapleford,LN6,United Kingdom,25/06/23,TRUE
01HQZS38BVFBE7QY0S4SJ7CSHV,Jethro,Stanier,jstanieraw,jstanieraw@51.la,620-949-7773,Male,21/01/92,4836 Clove Hill,Brampton,NR34,United Kingdom,14/11/23,FALSE
01HQZS38BX20KAGHR53TW6ACMC,Ulrick,Swinford,uswinfordax,uswinfordax@wix.com,270-284-7815,Male,22/04/94,94 Hooker Way,Merton,SW19,United Kingdom,27/01/24,TRUE
01HQZS38BZ666J80KA4ZWK36PF,Brinna,Ruddoch,bruddochay,bruddochay@techcrunch.com,941-661-4255,Female,29/10/99,420 Oak Pass,Buckland,CT16,United Kingdom,20/10/23,TRUE
01HQZS38C1FJW4G7D8R6HVZKKT,Rodrick,Stummeyer,rstummeyeraz,rstummeyeraz@biglobe.ne.jp,836-125-8168,Male,30/11/99,1743 Drewry Crossing,West End,DN36,United Kingdom,26/09/23,FALSE
01HQZS38C3MHEWZQXVQ7HER1T2,Garrott,Ridsdole,gridsdoleb0,gridsdoleb0@fotki.com,724-160-3476,Male,18/06/97,760 Heath Park,Ashley,SN13,United Kingdom,13/12/23,TRUE
01HQZS38C54E6MDQAM3FDG0FD2,Benni,Feeham,bfeehamb1,bfeehamb1@bbc.co.uk,409-840-2214,Male,30/05/97,80508 Luster Park,Middleton,LE16,United Kingdom,04/11/23,TRUE
01HQZS38C8F9ZAYN86MQS5KYE0,Lydon,Figures,lfiguresb2,lfiguresb2@jugem.jp,672-432-0709,Male,28/08/92,6 Pawling Crossing,Twyford,LE14,United Kingdom,08/12/23,TRUE
01HQZS38CAR5JFK02QV9ECC74E,Stormie,Godart,sgodartb3,sgodartb3@cdbaby.com,779-397-8543,Female,21/10/97,970 North Court,Craigavon,BT66,United Kingdom,22/05/23,FALSE
01HQZS38CCVGT1BRP13V0JGATN,Fionnula,Ledwith,fledwithb4,fledwithb4@columbia.edu,331-255-3316,Female,15/08/99,965 Rigney Road,Bristol,BS41,United Kingdom,14/04/23,TRUE
01HQZS38CEDC5MCTQHBGHZVER6,Sebastian,Ney,sneyb5,sneyb5@merriam-webster.com,163-207-6767,Male,24/03/94,47169 Nova Court,Liverpool,L74,United Kingdom,15/10/23,TRUE
01HQZS38CG8T2GZEKEE4XMKHW0,Andra,Rosenfelt,arosenfeltb6,arosenfeltb6@blogs.com,435-698-0006,Female,21/10/91,67 Hansons Plaza,Pentre,SY4,United Kingdom,11/10/23,FALSE
01HQZS38CJZEEDK49S6ZY7TQCN,Donelle,Swane,dswaneb7,dswaneb7@ft.com,474-901-4085,Female,25/03/94,10274 Talisman Trail,Newtown,RG20,United Kingdom,19/02/24,FALSE
01HQZS38CM9W77VN2QX5S3EV27,Philis,Creagh,pcreaghb8,pcreaghb8@intel.com,299-400-8172,Female,30/09/97,3 1st Alley,Stapleford,LN6,United Kingdom,20/11/23,FALSE
01HQZS38CQRBTBGNGSNJTYJY11,Kittie,Warrior,kwarriorb9,kwarriorb9@ibm.com,559-378-7662,Female,04/12/95,85 Hansons Center,Edinburgh,EH9,United Kingdom,28/07/23,FALSE
01HQZS38CSB5M7S18CJSXHAZQ2,Nerita,Barkway,nbarkwayba,nbarkwayba@usa.gov,546-913-2348,Female,31/07/90,4 Fairview Crossing,Upton,WF9,United Kingdom,16/04/23,TRUE
01HQZS38CVCGWKGJF011XG21S1,Marcie,Marti,mmartibb,mmartibb@slate.com,921-687-4406,Female,06/05/99,892 Jana Hill,Newport,NR29,United Kingdom,16/08/23,FALSE
01HQZS38CXX6ZWN7CMAVAMBMNB,Isak,Chesters,ichestersbc,ichestersbc@xing.com,997-485-6280,Male,01/07/97,3 Valley Edge Court,Seaton,LE15,United Kingdom,05/06/23,TRUE
01HQZS38CZVKEMMEPQD8203XHF,Amos,Joslin,ajoslinbd,ajoslinbd@noaa.gov,239-732-0278,Male,16/02/96,460 Mariners Cove Avenue,Aston,TF6,United Kingdom,11/01/24,FALSE
01HQZS38D21K7M8XFZY0KE5FCF,Petronella,Tivenan,ptivenanbe,ptivenanbe@github.io,967-249-9626,Female,27/04/94,04 Westport Plaza,Whitchurch,BS14,United Kingdom,09/06/23,FALSE
01HQZS38D4VKPXF0N9S31CA6TM,Goldy,Myring,gmyringbf,gmyringbf@dailymail.co.uk,638-471-3393,Female,24/06/92,126 Johnson Avenue,London,EC3M,United Kingdom,19/03/23,FALSE
01HQZS38D6TN6PQYWGR9M26QW8,Leyla,Thackray,lthackraybg,lthackraybg@yolasite.com,104-283-4859,Other,10/02/92,340 Golf Way,Buckland,CT16,United Kingdom,13/11/23,FALSE
01HQZS38D8E9MYWS2Z5JNQ3PEY,Arabela,Medley,amedleybh,amedleybh@de.vu,489-267-1128,Female,06/04/97,04 Sunbrook Park,Norton,S8,United Kingdom,20/06/23,TRUE
01HQZS38DBPJH3G8S228Q015TS,Bogart,Battabee,bbattabeebi,bbattabeebi@blogspot.com,935-450-0979,Male,26/03/93,97 Ilene Circle,Church End,CB4,United Kingdom,16/06/23,TRUE
01HQZS38DDXB1QJV4170B12X57,Nessie,Keates,nkeatesbj,nkeatesbj@earthlink.net,951-618-1328,Female,24/10/91,85058 Rockefeller Junction,Whitchurch,BS14,United Kingdom,23/02/24,FALSE
01HQZS38DF63GBXJW82MT9AN0K,Ula,Renols,urenolsbk,urenolsbk@go.com,530-313-1504,Other,10/10/99,63695 Holmberg Plaza,London,EC1V,United Kingdom,01/09/23,FALSE
01HQZS38DHY89XBB9T3R36CJ95,Craig,Wardale,cwardalebl,cwardalebl@state.tx.us,348-187-2412,Male,12/10/92,75910 Pine View Avenue,Ashley,SN13,United Kingdom,08/04/23,TRUE
01HQZS38DMCH4KC2J00R2Z3Y2Y,Xenia,Drakeford,xdrakefordbm,xdrakefordbm@desdev.cn,381-404-0901,Female,29/05/98,4 Mesta Junction,Pentre,SY4,United Kingdom,16/12/23,TRUE
01HQZS38DPDF64ETFNWV027J7Z,Sadye,Whitebread,swhitebreadbn,swhitebreadbn@wsj.com,665-640-4411,Female,01/09/97,91 Redwing Avenue,Sutton,CT15,United Kingdom,30/01/24,FALSE
01HQZS38DRBECV9WR5WN82HHXP,Levey,Rabidge,lrabidgebo,lrabidgebo@timesonline.co.uk,811-698-1248,Male,23/12/92,1944 Messerschmidt Road,Kinloch,PH43,United Kingdom,24/02/24,TRUE
01HQZS38DTSNQ31KW2E2P0RH40,Kaylyn,Ilott,kilottbp,kilottbp@webnode.com,748-976-3238,Male,29/01/00,8 Waywood Street,Middleton,LE16,United Kingdom,26/10/23,TRUE
01HQZS38DWTNX770RGP1CAV8BV,Phyllida,Merrington,pmerringtonbq,pmerringtonbq@wikipedia.org,965-349-7957,Other,15/12/95,7 Oxford Pass,Sutton,CT15,United Kingdom,19/03/23,TRUE
01HQZS38DZ8D52YWQ81XRR4YG3,Dani,Watkin,dwatkinbr,dwatkinbr@nhs.uk,688-268-4406,Male,26/12/93,48263 Elka Place,East End,BH21,United Kingdom,16/11/23,FALSE
01HQZS38E1S4TDQT1BQWFBQQTK,Maryellen,Keelin,mkeelinbs,mkeelinbs@nationalgeographic.com,954-760-9147,Female,28/06/95,727 Reindahl Court,Glasgow,G4,United Kingdom,29/07/23,TRUE
01HQZS38E32VV2K23EGHYKA0R4,Bentley,Confort,bconfortbt,bconfortbt@blog.com,265-451-3941,Male,22/11/93,533 Delladonna Pass,Craigavon,BT66,United Kingdom,08/07/23,TRUE
01HQZS38E504PKAZNER003MWEH,Stormy,Glawsop,sglawsopbu,sglawsopbu@bigcartel.com,423-369-4396,Female,24/02/96,7 Sauthoff Place,Newbiggin,NE46,United Kingdom,27/03/23,FALSE
01HQZS38E7FH5F3KA0M03AEN57,Jan,Babon,jbabonbv,jbabonbv@multiply.com,515-127-0564,Female,03/01/93,88 Jenna Crossing,Kirkton,KW10,United Kingdom,04/03/24,TRUE
01HQZS38EADF3CS12JDCG2D3RK,Yolane,Purle,ypurlebw,ypurlebw@weebly.com,211-941-5365,Female,09/01/97,7658 Helena Street,Manchester,M14,United Kingdom,31/08/23,FALSE
01HQZS38EC15GCZ1DJJJ0PC188,Felice,Tuddenham,ftuddenhambx,ftuddenhambx@quantcast.com,218-750-7749,Female,28/06/93,26 Lakeland Court,Halton,LS9,United Kingdom,28/04/23,FALSE
01HQZS38EEFSE9K3G5V2B01P6M,Iolanthe,Whisson,iwhissonby,iwhissonby@cnbc.com,650-622-8634,Female,18/06/93,06 Ryan Center,East End,BH21,United Kingdom,31/01/24,TRUE
01HQZS38EGXM5JBFCWXA4T6QDJ,Arnie,Rosengren,arosengrenbz,arosengrenbz@odnoklassniki.ru,297-768-7042,Male,18/12/93,8 Burrows Point,Sutton,CT15,United Kingdom,04/02/24,FALSE
01HQZS38EJCEA800FX0N1K8VG2,Sile,Giraldo,sgiraldoc0,sgiraldoc0@angelfire.com,658-275-3866,Female,07/03/98,87 Bowman Pass,Kinloch,PH43,United Kingdom,04/01/24,FALSE
01HQZS38EMNA15XXWAZDBVEYXS,Gert,Turnbull,gturnbullc1,gturnbullc1@epa.gov,484-722-5926,Female,22/05/91,6 Clarendon Terrace,Newton,IV1,United Kingdom,06/12/23,TRUE
01HQZS38EPHM1QVWJSS6DYGJRW,Marcellina,Tebbitt,mtebbittc2,mtebbittc2@hao123.com,517-963-5808,Female,22/01/99,04489 Bunting Center,Whitchurch,BS14,United Kingdom,19/11/23,TRUE
01HQZS38ESDNGDEZR2J98DKABH,Garrik,Barbour,gbarbourc3,gbarbourc3@bloglines.com,295-904-9531,Male,20/03/93,0 Twin Pines Center,Bradford,BD7,United Kingdom,19/08/23,FALSE
01HQZS38EV90V62XCPYN4X53BR,Eduino,Crookshanks,ecrookshanksc4,ecrookshanksc4@pen.io,722-586-0202,Male,19/01/96,06560 Ryan Court,Buckland,CT16,United Kingdom,02/03/24,TRUE
01HQZS38EXADFFC9JDP8PE4N72,Renee,Jancik,rjancikc5,rjancikc5@cloudflare.com,419-838-1426,Female,06/07/92,875 Meadow Ridge Plaza,Glasgow,G4,United Kingdom,20/06/23,FALSE
01HQZS38EZZTZX9A2W0WKAQN9A,Pegeen,Delleschi,pdelleschic6,pdelleschic6@wix.com,731-150-7174,Female,29/01/93,638 Washington Point,Newbiggin,NE46,United Kingdom,27/10/23,TRUE
01HQZS38F2KPHC5ZAFN9T2N31R,Steffen,Sterland,ssterlandc7,ssterlandc7@oracle.com,406-339-6169,Male,08/12/90,3 Nancy Terrace,Newton,NG34,United Kingdom,26/12/23,TRUE
01HQZS38F4KE90261YE3ZXYKDX,Troy,Heister,theisterc8,theisterc8@wordpress.org,263-420-7749,Male,13/04/96,28867 Norway Maple Hill,Middleton,LE16,United Kingdom,10/11/23,FALSE
01HQZS38F6NVJ61VJQMS7Y1TPN,Viv,Brandel,vbrandelc9,vbrandelc9@amazon.com,843-192-4449,Female,13/09/92,9 Cascade Parkway,Pentre,SY4,United Kingdom,29/10/23,FALSE
01HQZS38F86XE4CMZC1D94M9HR,Whitby,Whiting,wwhitingca,wwhitingca@cnn.com,539-533-1074,Other,04/09/94,2038 Oak Park,Horton,BS37,United Kingdom,15/08/23,FALSE
01HQZS38FB6NQ54XQS4AH2SX7A,Ragnar,Thackston,rthackstoncb,rthackstoncb@seattletimes.com,193-663-2254,Male,16/05/91,105 Mitchell Plaza,Birmingham,B12,United Kingdom,03/10/23,TRUE
01HQZS38FD3NPHRC14BTHWK4E9,Chantal,Prince,cprincecc,cprincecc@state.tx.us,543-912-2661,Female,20/07/90,79 Dottie Parkway,Kirkton,KW10,United Kingdom,01/12/23,FALSE
01HQZS38FF3C4QXDA6VQ7XPBX6,Rob,Lampke,rlampkecd,rlampkecd@sbwire.com,591-497-3867,Male,21/08/98,6 Leroy Lane,Newtown,RG20,United Kingdom,18/09/23,TRUE
01HQZS38FHX5CK91G2QQKYSRA3,Mickie,Haymes,mhaymesce,mhaymesce@google.cn,336-419-9161,Female,17/03/99,37825 Thompson Crossing,Whitwell,DL10,United Kingdom,20/09/23,FALSE
01HQZS38FM7E5REJBH3C13CG9P,Fred,Gloster,fglostercf,fglostercf@theatlantic.com,187-702-2946,Female,27/09/91,539 American Trail,London,EC1V,United Kingdom,04/02/24,FALSE
01HQZS38FPFPZGYN7D8YPR1HMN,Dukey,Sharper,dsharpercg,dsharpercg@gmpg.org,679-386-0404,Male,16/06/97,45596 Gateway Drive,Denton,M34,United Kingdom,27/05/23,FALSE
01HQZS38FREX7K5PXB5J4JS1T9,Giffer,MacCarter,gmaccarterch,gmaccarterch@webeden.co.uk,788-520-7029,Male,08/12/92,9309 Buell Lane,East End,BH21,United Kingdom,28/03/23,FALSE
01HQZS38FVH4M5B1S83FXJ20NJ,Dierdre,Hancill,dhancillci,dhancillci@ebay.co.uk,273-142-7120,Female,02/05/92,7239 Bunker Hill Circle,Edinburgh,EH9,United Kingdom,14/12/23,TRUE
01HQZS38FXTKRVR08D4CMXPQPY,Katrina,Radband,kradbandcj,kradbandcj@businessweek.com,467-111-7104,Female,24/12/96,1824 6th Alley,Carlton,DL8,United Kingdom,25/03/23,FALSE
01HQZS38G01BHSSA6K7Y92MP7W,Garret,Jerg,gjergck,gjergck@bloglovin.com,479-608-2036,Male,02/12/98,556 Commercial Road,Church End,N3,United Kingdom,11/02/24,TRUE
01HQZS38G2X7BP3MGAR92CBGDA,Manny,Van Baaren,mvanbaarencl,mvanbaarencl@hc360.com,679-407-4166,Male,05/12/92,4 Vera Terrace,Carlton,DL8,United Kingdom,25/10/23,TRUE
01HQZS38G5V7D65REJEKHA4YBW,Christabella,Methuen,cmethuencm,cmethuencm@nsw.gov.au,304-416-6222,Female,15/03/95,5922 4th Crossing,London,EC3M,United Kingdom,16/08/23,TRUE
01HQZS38G7MX1D4DPDMNBBM5HX,Ernst,Klus,ekluscn,ekluscn@exblog.jp,441-382-6958,Male,17/07/95,322 Golf View Plaza,Brampton,NR34,United Kingdom,19/04/23,TRUE
01HQZS38G92JD2DXTKEW18KR09,Papageno,Robjents,probjentsco,probjentsco@skype.com,542-168-1139,Male,30/05/92,31540 Springview Street,Whitwell,DL10,United Kingdom,17/04/23,TRUE
01HQZS38GCM6ZKBBQ9V00ND9PB,Sloan,Kinnerk,skinnerkcp,skinnerkcp@yandex.ru,779-826-6488,Male,26/02/97,7 Algoma Terrace,Sheffield,S1,United Kingdom,09/09/23,TRUE
01HQZS38GEXRWG6M4SB091D71T,Wilma,Chestle,wchestlecq,wchestlecq@census.gov,181-544-2740,Female,30/10/96,98077 Hollow Ridge Terrace,Church End,CB4,United Kingdom,12/05/23,TRUE
01HQZS38GG2YHNQB861FFYDVEC,Clerkclaude,Wainwright,cwainwrightcr,cwainwrightcr@ed.gov,753-195-8885,Male,08/02/97,11515 Rigney Drive,Walton,CV35,United Kingdom,20/10/23,TRUE
01HQZS38GKVDJR6E4X8ZFZBECX,Elizabet,Siene,esienecs,esienecs@example.com,209-961-2418,Female,15/10/97,37770 Arkansas Street,Tullich,AB55,United Kingdom,03/12/23,TRUE
01HQZS38GN7R0H5XG8KVPFWCDX,Taryn,Plante,tplantect,tplantect@slate.com,290-457-7150,Female,11/01/97,17731 Reinke Way,Carlton,DL8,United Kingdom,23/03/23,TRUE
01HQZS38GQA3GVMV172T9G9B1W,Sophie,Castiglione,scastiglionecu,scastiglionecu@craigslist.org,276-702-2766,Female,15/10/93,2299 Kingsford Point,Upton,WF9,United Kingdom,06/07/23,FALSE
01HQZS38GSYZKF0FC4R3JFR753,Boony,MacKibbon,bmackibboncv,bmackibboncv@domainmarket.com,452-114-2307,Male,11/07/95,5192 Montana Road,Burnside,EH52,United Kingdom,21/03/23,TRUE
01HQZS38GW1P4Q01C0AJ3QQGSB,Hildy,Yaxley,hyaxleycw,hyaxleycw@go.com,853-742-6705,Female,11/03/99,78 Schiller Trail,Normanton,LE15,United Kingdom,31/03/23,FALSE
01HQZS38GY83SHEEDA7H1VN9XY,Randa,Feore,rfeorecx,rfeorecx@soundcloud.com,175-279-4117,Female,29/04/90,45 Merry Junction,Twyford,LE14,United Kingdom,15/10/23,TRUE
01HQZS38H0ABKAZ0ZG5KZVB60W,Whit,Polin,wpolincy,wpolincy@toplist.cz,385-600-8078,Male,13/09/93,6921 Ridge Oak Pass,Stapleford,LN6,United Kingdom,12/09/23,TRUE
01HQZS38H386PZ1G27EY90WYDH,Taryn,Collard,tcollardcz,tcollardcz@barnesandnoble.com,604-754-9946,Other,07/02/96,75403 Comanche Crossing,Aberdeen,AB39,United Kingdom,01/05/23,FALSE
01HQZS38H5WEZHM26YJH1CNMHJ,Gearard,Worsnop,gworsnopd0,gworsnopd0@uol.com.br,234-303-0985,Male,16/03/99,1 Meadow Vale Park,Carlton,DL8,United Kingdom,12/06/23,FALSE
01HQZS38H8JE49RM8DRSM2Y24Z,Windy,Plum,wplumd1,wplumd1@google.com.br,548-267-6160,Female,08/09/92,652 Carberry Plaza,Langley,SG4,United Kingdom,03/12/23,FALSE
01HQZS38HAF370RR17GH80SVJ5,Blondie,Tipperton,btippertond2,btippertond2@edublogs.org,636-458-0791,Female,15/08/92,80256 Gulseth Court,Kingston,DT10,United Kingdom,15/06/23,FALSE
01HQZS38HDABARSYM8981X1S38,Shepperd,Powley,spowleyd3,spowleyd3@tiny.cc,238-884-2116,Male,14/06/90,657 Schiller Pass,Sutton,RH5,United Kingdom,29/12/23,FALSE
01HQZS38HFMS3QQJWEKBXJ7WBV,Ab,Gaffer,agafferd4,agafferd4@friendfeed.com,176-127-9536,Male,10/10/99,2936 Ramsey Drive,Church End,N3,United Kingdom,10/02/24,FALSE
01HQZS38HHARTJJY2Z63GSJT3Z,Ab,Morl,amorld5,amorld5@wordpress.org,169-671-5032,Male,03/09/91,0 Ruskin Alley,Sheffield,S33,United Kingdom,29/06/23,FALSE
01HQZS38HK2RPCPHK5NMFQYKZH,Carleton,Child,cchildd6,cchildd6@xing.com,464-416-4888,Male,10/08/94,55750 Westerfield Place,London,WC2H,United Kingdom,03/08/23,TRUE
01HQZS38HPABJ3G7FD7TRDE7MM,Mirelle,Rableau,mrableaud7,mrableaud7@e-recht24.de,102-561-6018,Female,22/09/93,23 Oriole Circle,Belfast,BT2,United Kingdom,08/06/23,FALSE
01HQZS38HRJDX42PTRPHXYQWB0,Waylon,Defond,wdefondd8,wdefondd8@prnewswire.com,647-207-0105,Male,25/03/90,79161 5th Pass,London,SW1E,United Kingdom,01/12/23,TRUE
01HQZS38HVX5VT0SZ7M1DSMRKW,Bradan,Klaesson,bklaessond9,bklaessond9@npr.org,836-814-8407,Other,12/04/95,06572 Sherman Lane,Horton,BS37,United Kingdom,19/02/24,TRUE
01HQZS38HX7ZQSY34C3K5P97TM,Mason,Coade,mcoadeda,mcoadeda@abc.net.au,355-852-3338,Male,19/05/91,7 High Crossing Lane,Thorpe,BD23,United Kingdom,08/05/23,TRUE
01HQZS38HZWH1QJ2WPPJT42GFZ,Yetty,Damsell,ydamselldb,ydamselldb@toplist.cz,110-798-6724,Female,22/07/94,485 Dwight Circle,Buckland,CT16,United Kingdom,21/03/23,FALSE
01HQZS38J2W4BFZ7Y3QTP61T1Y,Dolly,Elbourne,delbournedc,delbournedc@zimbio.com,456-504-6666,Female,07/03/93,40070 Donald Plaza,Manchester,M14,United Kingdom,10/03/24,FALSE
01HQZS38J46T53YX5J6YT53W6X,Karrie,Nunnerley,knunnerleydd,knunnerleydd@unicef.org,524-598-9116,Female,28/11/94,3322 7th Plaza,Norton,NN11,United Kingdom,29/03/23,FALSE
01HQZS38J6NBP8G9VXYR9DV751,Malissa,Wildey,mwildeyde,mwildeyde@npr.org,944-919-5462,Female,09/09/99,21950 Hauk Terrace,Burnside,EH52,United Kingdom,09/08/23,FALSE
01HQZS38J9TP5QBXZ620R4Q0Q7,Ninon,Cockshot,ncockshotdf,ncockshotdf@cloudflare.com,804-687-3454,Female,22/07/92,7861 Londonderry Hill,Birmingham,B12,United Kingdom,02/03/24,TRUE
01HQZS38JBH61G5DMB427MT8B9,Selby,Gonin,sgonindg,sgonindg@state.gov,538-385-9114,Male,17/03/99,634 Orin Junction,Pentre,SY4,United Kingdom,18/10/23,TRUE
01HQZS38JDA4PHW1HNYBACZR5Z,Antonetta,Harston,aharstondh,aharstondh@i2i.jp,127-387-5145,Female,15/06/94,167 Redwing Pass,Ford,GL54,United Kingdom,09/07/23,FALSE
01HQZS38JGXNN9EVKT14NPR7PK,Zara,Jermy,zjermydi,zjermydi@elegantthemes.com,443-654-3606,Other,13/04/95,8688 Moulton Avenue,Weston,GU32,United Kingdom,17/12/23,FALSE
01HQZS38JJWKJ2JQ6QK3DD8X3P,Averil,Sleith,asleithdj,asleithdj@hc360.com,405-725-7172,Male,02/03/91,98164 Grasskamp Point,London,EC3M,United Kingdom,13/04/23,FALSE
01HQZS38JMR2WN8B7XQMDQFVHV,Lindy,Pickard,lpickarddk,lpickarddk@nationalgeographic.com,218-116-0209,Female,22/06/95,1 Anzinger Circle,Middleton,LE16,United Kingdom,03/08/23,TRUE
01HQZS38JPRPJ449FZBTHGXC7M,Axe,Kobke,akobkedl,akobkedl@163.com,921-103-8197,Other,10/01/91,06137 Buena Vista Street,Walton,CV35,United Kingdom,14/01/24,FALSE
01HQZS38JSG23Y43PYS7YPVPKY,Marlene,Gress,mgressdm,mgressdm@epa.gov,934-701-4511,Female,21/03/90,1 Sachs Crossing,Newbiggin,NE46,United Kingdom,12/08/23,TRUE
01HQZS38JVSQSV6ER4A9H0TXCQ,Hyacintha,Natwick,hnatwickdn,hnatwickdn@youtube.com,262-604-2176,Female,22/11/97,7299 Huxley Pass,Belfast,BT2,United Kingdom,13/05/23,FALSE
01HQZS38K83D2TBSZFMDTRPFR0,Mufinella,Basley,mbasleydo,mbasleydo@ibm.com,618-238-9509,Female,11/11/99,96 Sachs Street,East End,BH21,United Kingdom,28/06/23,TRUE
01HQZS38KA7X1N758BZRS2CA8A,Dominique,Hayth,dhaythdp,dhaythdp@intel.com,693-636-4840,Female,31/01/96,36 Ramsey Junction,Newton,IV1,United Kingdom,30/07/23,FALSE
01HQZS38KC3VHV1EPZW52WM24P,Christian,Kestin,ckestindq,ckestindq@hhs.gov,107-994-2933,Male,15/11/91,29 Harper Court,London,WC1B,United Kingdom,05/01/24,TRUE
01HQZS38KF6XNEK2SMNJH0WPZ2,Beryle,Keppel,bkeppeldr,bkeppeldr@dmoz.org,807-635-7643,Female,29/10/93,0616 Troy Center,Newtown,RG20,United Kingdom,27/08/23,FALSE
01HQZS38KHR1P0236AAW9D25SC,Josefina,Inker,jinkerds,jinkerds@webnode.com,584-523-8582,Female,30/03/95,536 Prentice Alley,Horton,BS37,United Kingdom,23/06/23,FALSE
01HQZS38KKKM7NBW2RRYR5K9BB,Lori,Covotto,lcovottodt,lcovottodt@amazonaws.com,323-908-9600,Female,04/10/99,6 Meadow Valley Court,Ford,GL54,United Kingdom,19/08/23,FALSE
01HQZS38KN177WK2FAKR7FCSBA,Blair,Cohalan,bcohalandu,bcohalandu@desdev.cn,475-156-8451,Male,28/03/98,57 Maple Place,Newbiggin,NE46,United Kingdom,06/04/23,FALSE