customer_id,first_name,last_name,username,email,phone,gender,date_of_birth,street_name,city,zip_code,country,account_created_date,premium_subscription
01HQZS38KRC38NFNQR9QF1MTBZ,Poul,Jellings,pjellingsdv,pjellingsdv@reverbnation.com,277-129-0314,Male,11/12/92,3 Stone Corner Street,Aberdeen,AB39,United Kingdom,01/04/23,FALSE
01HQZS38KT99V41AM8FFX4GZH7,Rolf,Crocket,rcrocketdw,rcrocketdw@uol.com.br,755-108-4849,Male,21/04/90,547 Fordem Avenue,Glasgow,G4,United Kingdom,15/12/23,FALSE
01HQZS38KW6A30TWWP40YR785F,Rockey,Lapwood,rlapwooddx,rlapwooddx@latimes.com,563-846-2198,Male,20/09/92,97 4th Avenue,Edinburgh,EH9,United Kingdom,30/11/23,FALSE
01HQZS38KY9JB7X0RFWGEQESF5,Junia,Bayles,jbaylesdy,jbaylesdy@hc360.com,809-987-6451,Female,13/02/99,3922 Vahlen Way,Birmingham,B12,United Kingdom,09/07/23,FALSE
01HQZS38M0RSRWM1K83TZFG06K,Sydney,Gillhespy,sgillhespydz,sgillhespydz@cdbaby.com,881-340-2239,Male,15/05/90,60256 Russell Park,Liverpool,L74,United Kingdom,08/06/23,TRUE
01HQZS38M3KZFS9R4CYZ8F2QNY,Johnny,Tidbold,jtidbolde0,jtidbolde0@china.com.cn,634-193-3056,Male,04/08/90,5 Huxley Center,Upton,DN21,United Kingdom,26/02/24,TRUE
01HQZS38M5ZTYQRT6KQW75RQTS,Edward,Strethill,estrethille1,estrethille1@goo.ne.jp,716-684-1496,Other,14/03/98,24 Ramsey Road,Kirkton,KW10,United Kingdom,12/04/23,FALSE
01HQZS38M7XNA31ACXPJBC78ME,Walt,Goulborne,wgoulbornee2,wgoulbornee2@ihg.com,285-539-0816,Male,01/02/97,474 Lunder Lane,Wootton,NN4,United Kingdom,03/03/24,TRUE
01HQZS38M9XY7AN2TSG9KTAARY,Bertie,Ratter,brattere3,brattere3@bloomberg.com,455-678-8574,Male,13/11/90,4691 Weeping Birch Parkway,London,SW1E,United Kingdom,12/09/23,TRUE
01HQZS38MC1ZX8SFB5WR3V2H66,Gerianne,Meininger,gmeiningere4,gmeiningere4@amazon.de,302-279-5654,Female,18/10/92,15 Hanover Terrace,Brampton,NR34,United Kingdom,26/01/24,TRUE
01HQZS38ME4HZH8JQN977RFTE8,Bonnie,Kiernan,bkiernane5,bkiernane5@washingtonpost.com,405-311-9970,Female,18/07/96,269 Marcy Junction,Bradford,BD7,United Kingdom,08/06/23,TRUE
01HQZS38MGMDDBP5841HD6Q2NK,Gerrie,Stanlick,gstanlicke6,gstanlicke6@answers.com,427-661-2383,Female,26/02/98,1421 Gale Lane,Belfast,BT2,United Kingdom,01/08/23,TRUE
01HQZS38MJ24QYYDKZTGXWA7F0,Lazarus,Cornelis,lcornelise7,lcornelise7@comcast.net,226-758-5251,Male,27/04/92,231 Mesta Plaza,Weston,GU32,United Kingdom,12/04/23,FALSE
01HQZS38MN48X875MM6MARW11P,Albertine,Enocksson,aenockssone8,aenockssone8@vinaora.com,717-929-5061,Female,27/06/93,5 Rigney Point,Denton,M34,United Kingdom,14/02/24,FALSE
01HQZS38MQQEDB5KMC41HCDPD6,Cybil,Gudger,cgudgere9,cgudgere9@earthlink.net,335-767-4224,Female,14/08/97,02113 Bunting Plaza,Belfast,BT2,United Kingdom,06/05/23,TRUE
01HQZS38MSWSKPSJ47RTE0Z30C,Arline,Sellwood,asellwoodea,asellwoodea@statcounter.com,953-962-8395,Female,21/09/92,154 Vermont Avenue,Seaton,LE15,United Kingdom,06/03/24,FALSE
01HQZS38MV4WGZAQDFDA3VZJ5T,Klarika,Garm,kgarmeb,kgarmeb@utexas.edu,636-772-5218,Female,10/03/95,11616 Monica Junction,Church End,N3,United Kingdom,11/10/23,FALSE
01HQZS38MY55TK2VA83RAN6557,Sabina,Padbury,spadburyec,spadburyec@uiuc.edu,744-268-5897,Female,03/11/92,4 Eliot Park,Carlton,DL8,United Kingdom,07/12/23,TRUE
01HQZS38N0N7B16VBYZB65RB66,Charlean,Magee,cmageeed,cmageeed@tiny.cc,359-474-1895,Female,28/07/94,43010 Fisk Pass,Newbiggin,NE46,United Kingdom,26/11/23,TRUE
01HQZS38N26QBAMZ9XJ733FG6F,Vachel,Thripp,vthrippee,vthrippee@meetup.com,628-109-9787,Male,22/08/99,9138 Rowland Circle,London,SW1E,United Kingdom,07/06/23,TRUE
01HQZS38N4BZ8PD74QVFBF2SF2,Radcliffe,Tippler,rtippleref,rtippleref@indiegogo.com,646-828-8800,Male,13/09/97,55 Pawling Lane,Milton,AB56,United Kingdom,06/11/23,TRUE
01HQZS38N7TEB92N00SKBMPBJX,Kitty,Trustey,ktrusteyeg,ktrusteyeg@europa.eu,900-742-7474,Female,12/11/91,8491 Kensington Crossing,Newton,NG34,United Kingdom,18/01/24,TRUE
01HQZS38N9KYD91MTMTBA5BGRJ,Shalne,Krauze,skrauzeeh,skrauzeeh@spotify.com,201-163-0955,Female,30/09/95,5353 Victoria Place,Liverpool,L33,United Kingdom,13/08/23,TRUE
01HQZS38NBBNWV9YEX12G5BNBD,Nelie,Geane,ngeaneei,ngeaneei@marriott.com,725-771-3609,Female,20/06/90,8 Starling Drive,Newtown,RG20,United Kingdom,11/07/23,TRUE
01HQZS38NDDS0E1K666P7DV1HC,Stavros,Ather,satherej,satherej@cornell.edu,340-521-5722,Male,13/02/92,85 Leroy Street,Sheffield,S33,United Kingdom,04/11/23,TRUE
01HQZS38NFAMVH5N51426R4G37,Magdalen,Genge,mgengeek,mgengeek@miitbeian.gov.cn,505-197-4070,Male,15/04/90,1059 Moulton Street,London,WC2H,United Kingdom,16/06/23,TRUE
01HQZS38NJTV27AQWEG0MV5AGX,Garrett,Samsin,gsamsinel,gsamsinel@goodreads.com,959-749-2748,Male,31/03/95,7973 Nevada Plaza,Merton,SW19,United Kingdom,21/02/24,FALSE
01HQZS38NM1G3K5K605GW27GF5,Kayle,Ginger,kgingerem,kgingerem@biglobe.ne.jp,291-920-2367,Female,19/05/99,7 Ronald Regan Road,Ford,GL54,United Kingdom,09/08/23,TRUE
01HQZS38NPH010HD5ZW86WEJGM,Carrie,Jillard,cjillarden,cjillarden@diigo.com,113-476-6032,Female,04/09/91,8 Corscot Junction,Eaton,DN22,United Kingdom,07/02/24,TRUE
01HQZS38NRECGAHK47ZHNAQNZD,Lib,Loan,lloaneo,lloaneo@ucoz.com,275-297-4015,Female,07/09/96,157 Farwell Center,Weston,GU32,United Kingdom,04/09/23,FALSE
01HQZS38NVR4EW6VH98YCMYV41,Harriette,Elloit,helloitep,helloitep@shinystat.com,885-942-4089,Female,09/01/00,46 Schurz Drive,Glasgow,G4,United Kingdom,02/09/23,TRUE
01HQZS38NX0G3PRGCSYBEBRMA4,Lisbeth,Barca,lbarcaeq,lbarcaeq@youtube.com,908-361-7311,Female,28/10/95,03460 7th Crossing,Kingston,DT10,United Kingdom,18/03/23,FALSE
01HQZS38NZVWXGQADGH4ZHC5SW,Karie,Feaver,kfeaverer,kfeaverer@google.fr,283-360-4034,Female,30/10/98,48 Cordelia Place,Upton,DN21,United Kingdom,02/01/24,TRUE
01HQZS38P29YB8ZNWR4G8VKHE4,Katrina,Veal,kveales,kveales@unicef.org,655-603-4261,Other,02/08/93,29894 Thierer Park,Edinburgh,EH9,United Kingdom,05/07/23,FALSE
01HQZS38P41EQADK37PHQGZFWA,Baldwin,Traice,btraiceet,btraiceet@mapquest.com,674-276-9444,Other,02/07/94,55715 Straubel Circle,Langley,SG4,United Kingdom,18/09/23,TRUE
01HQZS38P62NVWHAP9EH4M6RQ9,Tootsie,Schwander,tschwandereu,tschwandereu@usnews.com,904-891-3437,Female,07/01/99,74 Kenwood Park,Wirral,CH48,United Kingdom,31/08/23,TRUE
01HQZS38P9B5TYNG97B319WDGX,Ivonne,Carluccio,icarluccioev,icarluccioev@nsw.gov.au,575-169-1065,Female,23/03/95,47 Westend Center,Kingston,DT10,United Kingdom,20/08/23,TRUE
01HQZS38PBTFGGZAY1B1SE2BRZ,Brantley,Whyte,bwhyteew,bwhyteew@godaddy.com,809-224-5285,Male,20/10/99,07 Becker Place,Sutton,CT15,United Kingdom,23/05/23,FALSE
01HQZS38PD41KAWD4TZ6XPDEC0,Obidiah,Stockman,ostockmanex,ostockmanex@baidu.com,279-355-2561,Male,23/09/97,90 Rieder Court,Aberdeen,AB39,United Kingdom,20/10/23,TRUE
01HQZS38PGZCYBZC04CVQPQ8Q5,Kettie,Lawrinson,klawrinsoney,klawrinsoney@opensource.org,796-994-0123,Female,02/06/97,7 Stoughton Trail,Normanton,LE15,United Kingdom,09/08/23,FALSE
01HQZS38PJY8AJCM0BEVTKPHZR,Johny,Churcher,jchurcherez,jchurcherez@tmall.com,386-985-2357,Male,28/04/92,888 Monica Drive,Sutton,CT15,United Kingdom,13/07/23,TRUE
01HQZS38PMDVKB1S9SK6ZAJ6GG,Caprice,Olive,colivef0,colivef0@163.com,614-769-3081,Female,22/09/95,83946 Atwood Hill,Milton,NG22,United Kingdom,15/06/23,FALSE
01HQZS38PPJW6S1S8SGZ7VJKDA,Linnea,Rodgman,lrodgmanf1,lrodgmanf1@chronoengine.com,120-701-3305,Female,27/12/90,301 Northwestern Point,Sheffield,S33,United Kingdom,13/10/23,TRUE
01HQZS38PSXVH208N3H9SB1YE5,Keefe,Gallafant,kgallafantf2,kgallafantf2@mediafire.com,462-711-5042,Male,12/09/99,00876 Crescent Oaks Crossing,Milton,NG22,United Kingdom,08/04/23,FALSE
01HQZS38PVD120QQ6QQA1ZQYXV,Johnny,Walne,jwalnef3,jwalnef3@icq.com,117-153-1642,Male,07/06/90,1126 Packers Avenue,Burnside,EH52,United Kingdom,18/10/23,TRUE
01HQZS38PXBZVWQS1DJMY517PF,Dorena,Sissot,dsissotf4,dsissotf4@squidoo.com,841-806-3764,Female,27/03/94,74345 Continental Center,Marston,ST20,United Kingdom,25/08/23,FALSE
01HQZS38PZ2Q1B85H50KFZ1R4T,Jacob,Gepp,jgeppf5,jgeppf5@sciencedaily.com,454-229-6359,Male,19/05/97,5 Erie Plaza,Liverpool,L74,United Kingdom,23/05/23,FALSE
01HQZS38Q2GJPJCBV4HG8FRBYX,Floris,Braisted,fbraistedf6,fbraistedf6@nhs.uk,140-633-7567,Other,20/11/99,6 Lakewood Gardens Lane,Pentre,SY4,United Kingdom,20/11/23,TRUE
01HQZS38Q41N1V3BRC4WVPCE8R,Willard,Merrigans,wmerrigansf7,wmerrigansf7@wisc.edu,745-238-2062,Male,16/02/91,00724 Novick Court,Norton,S8,United Kingdom,10/05/23,FALSE
01HQZS38Q65GG8MW1XQ2S9MSZX,Tades,Preene,tpreenef8,tpreenef8@clickbank.net,693-964-0490,Male,20/03/96,87843 6th Center,London,SW1E,United Kingdom,15/01/24,TRUE
01HQZS38Q92BQ3D0NKDPQSKWM4,Saleem,Waumsley,swaumsleyf9,swaumsleyf9@printfriendly.com,336-602-6395,Male,31/07/92,67611 Di Loreto Hill,Horton,BS37,United Kingdom,12/04/23,FALSE
01HQZS38QBHKKG8ZDHQ9QRVGF6,Hilary,Iffe,hiffefa,hiffefa@cisco.com,251-426-3074,Female,01/05/91,6 Rusk Park,Brampton,NR34,United Kingdom,14/02/24,TRUE
01HQZS38QDBTGQCYF308Q2X0AC,Enrichetta,Aspenlon,easpenlonfb,easpenlonfb@samsung.com,488-611-3549,Female,27/08/99,4020 Blackbird Drive,Church End,CB4,United Kingdom,21/09/23,FALSE
01HQZS38QF386Z4Y5W6JPVXA7J,Cristy,Cleugher,ccleugherfc,ccleugherfc@yellowpages.com,195-174-5428,Female,04/09/99,61 Bunker Hill Place,Birmingham,B40,United Kingdom,20/08/23,FALSE
01HQZS38QJBCBRXYQCFV4SN48Q,Marissa,Bridgland,mbridglandfd,mbridglandfd@linkedin.com,541-913-9373,Female,30/09/91,94 Bay Junction,Langley,SG4,United Kingdom,04/05/23,FALSE
01HQZS38QMTJM3XDR1PFVMVP7E,Godart,Dineen,gdineenfe,gdineenfe@mapquest.com,186-122-9078,Male,03/08/96,22 Carey Junction,Kinloch,PH43,United Kingdom,26/01/24,TRUE
01HQZS38QPF4G6T6D5Z56XDDAF,Benjamen,Hogben,bhogbenff,bhogbenff@clickbank.net,177-937-4562,Male,31/12/90,69 Forster Parkway,Sheffield,S1,United Kingdom,31/07/23,TRUE
01HQZS38QSSJ1MYD0C10WENNF5,Kingsly,Bruins,kbruinsfg,kbruinsfg@bravesites.com,657-660-9613,Male,04/01/93,6116 Bartelt Crossing,Buckland,CT16,United Kingdom,01/12/23,TRUE
01HQZS38QVTXRTE5KZF8QXAVRH,Audrie,Halford,ahalfordfh,ahalfordfh@ovh.net,648-641-9935,Female,01/10/90,5165 Dottie Plaza,Kingston,DT10,United Kingdom,18/07/23,FALSE
01HQZS38QX5VBYYWBPF6S7NRQY,Martie,Traske,mtraskefi,mtraskefi@prnewswire.com,534-530-3322,Female,28/11/91,528 Springs Alley,Twyford,LE14,United Kingdom,21/02/24,TRUE
01HQZS38QZ3PGADY0TEFXM1557,Emeline,Fontaine,efontainefj,efontainefj@cyberchimps.com,266-627-7428,Female,29/12/93,61547 Holmberg Plaza,Birmingham,B40,United Kingdom,15/10/23,TRUE
01HQZS38R2W4FWJDQRSF9NBCBT,Mychal,Cardello,mcardellofk,mcardellofk@foxnews.com,541-795-1552,Male,25/08/99,9 Packers Hill,Weston,GU32,United Kingdom,11/01/24,FALSE
01HQZS38R4B6SB1H6EQ2Z2WS9K,Felicity,Martinello,fmartinellofl,fmartinellofl@dot.gov,979-890-3925,Female,26/06/96,742 Merchant Circle,London,W1F,United Kingdom,20/03/23,TRUE
01HQZS38R6HD32VDXA3CZK9CFK,Rickert,Carsey,rcarseyfm,rcarseyfm@oracle.com,739-540-9120,Male,07/09/92,9 Derek Avenue,Birmingham,B40,United Kingdom,05/03/24,FALSE
01HQZS38R960X3Z9J4SAP2QD4B,Ellissa,Shilvock,eshilvockfn,eshilvockfn@netscape.com,841-301-6853,Female,17/07/97,44114 Birchwood Way,Weston,GU32,United Kingdom,30/07/23,FALSE
01HQZS38RBTM1N68DJXQYGXK16,Jone,Loyd,jloydfo,jloydfo@seattletimes.com,549-239-1121,Male,22/12/91,442 Mariners Cove Drive,Upton,DN21,United Kingdom,27/04/23,TRUE
01HQZS38RDS3H24NVD4CRKWSE5,Frederick,Goldine,fgoldinefp,fgoldinefp@wordpress.org,202-507-7593,Male,03/09/94,1 Independence Circle,Thorpe,BD23,United Kingdom,10/09/23,FALSE
01HQZS38RF74NXSEJ14MWKD86F,Skipton,Lambricht,slambrichtfq,slambrichtfq@arizona.edu,730-180-1906,Male,11/02/95,82 Dottie Hill,Newton,IV1,United Kingdom,05/01/24,TRUE
01HQZS38RHAP1J8EZHKCEGWT7E,Lisa,Goncalo,lgoncalofr,lgoncalofr@a8.net,235-290-6823,Female,17/11/93,650 Canary Lane,London,W1F,United Kingdom,08/04/23,FALSE
01HQZS38RM856ZNM5P617RFM0W,Yehudi,Conry,yconryfs,yconryfs@reddit.com,612-214-6885,Male,17/10/91,81 Linden Circle,Newbiggin,NE46,United Kingdom,19/12/23,TRUE
01HQZS38RPE2P1E2TCP1DFNWD5,Rosalinda,Almeida,ralmeidaft,ralmeidaft@microsoft.com,664-733-8447,Female,14/08/98,12899 Mifflin Point,Newton,IV1,United Kingdom,30/06/23,TRUE
01HQZS38RRH6TAA8GSZGSE4ANH,Morena,Headings,mheadingsfu,mheadingsfu@wufoo.com,442-996-8373,Female,11/04/98,9 Lyons Lane,Edinburgh,EH9,United Kingdom,09/07/23,TRUE
01HQZS38RTYZ3KDDXWZV7DWFX0,Ashlin,Bassindale,abassindalefv,abassindalefv@omniture.com,220-386-9137,Male,13/12/97,686 Corry Circle,Birmingham,B12,United Kingdom,02/07/23,FALSE
01HQZS38RX3DP4C776K8W3G24B,Vivien,Ormesher,vormesherfw,vormesherfw@tripod.com,622-851-7985,Female,28/12/96,2395 Longview Lane,Brampton,NR34,United Kingdom,03/06/23,TRUE
01HQZS38RZ1JGWVNG4XZ7PRS48,Clevie,Frampton,cframptonfx,cframptonfx@squidoo.com,397-182-3693,Male,11/01/93,7754 Clarendon Trail,Aberdeen,AB39,United Kingdom,27/05/23,TRUE
01HQZS38S1N33BYG9EZVGYXPNC,Joelly,Stummeyer,jstummeyerfy,jstummeyerfy@tamu.edu,917-821-1200,Female,19/11/93,5879 Messerschmidt Parkway,Seaton,LE15,United Kingdom,15/04/23,FALSE
01HQZS38S3WJKS0QCESZMTTY5R,Clovis,Peverell,cpeverellfz,cpeverellfz@cafepress.com,275-839-1308,Female,19/02/94,37891 Clarendon Parkway,Milton,NG22,United Kingdom,23/04/23,TRUE
01HQZS38S6V458Z042MDVYJ59D,Odelia,Sisey,osiseyg0,osiseyg0@weibo.com,898-848-9554,Female,06/05/94,2 Randy Crossing,Edinburgh,EH9,United Kingdom,20/04/23,TRUE
01HQZS38S8XV9SAK9RCGWQWF1Y,Pepe,Hallad,phalladg1,phalladg1@hibu.com,641-708-1566,Other,16/07/94,95 Division Center,Liverpool,L33,United Kingdom,20/06/23,TRUE
01HQZS38SA77G5023DDM7WT71E,Auberon,Sherringham,asherringhamg2,asherringhamg2@webeden.co.uk,916-141-4423,Male,23/05/94,80 Farragut Parkway,London,WC1B,United Kingdom,06/02/24,TRUE
01HQZS38SCRP1HD5H89NN6Q881,Sheridan,Greguoli,sgreguolig3,sgreguolig3@twitpic.com,631-309-7530,Male,07/07/93,68622 Macpherson Point,Brampton,NR34,United Kingdom,12/10/23,FALSE
01HQZS38SFBRSN3RB2RGW5RKQR,Uriel,Lillecrap,ulillecrapg4,ulillecrapg4@ox.ac.uk,603-188-1580,Male,28/05/90,43167 Vermont Circle,Upton,WF9,United Kingdom,07/08/23,FALSE
01HQZS38SHZT9AD9509ZG6N8RW,Enrico,Surgener,esurgenerg5,esurgenerg5@rediff.com,323-271-5289,Male,28/01/99,9 High Crossing Avenue,Whitchurch,BS14,United Kingdom,01/07/23,TRUE
01HQZS38SKRW27YYX6C1JE42NV,Dode,Pettegre,dpettegreg6,dpettegreg6@blog.com,962-891-7778,Female,01/08/91,31162 East Trail,Newton,NG34,United Kingdom,23/05/23,TRUE
01HQZS38SNVKRRZ1VSYDF19XDN,Margaretha,Heugh,mheughg7,mheughg7@amazon.co.uk,290-185-4434,Female,17/05/99,895 Sheridan Street,Hatton,CV35,United Kingdom,15/11/23,TRUE
01HQZS38SRACNGA0JXE7FW7QX9,Vanessa,Leatherbarrow,vleatherbarrowg8,vleatherbarrowg8@biglobe.ne.jp,432-318-7901,Female,20/06/91,93 Graedel Street,Newtown,RG20,United Kingdom,17/05/23,FALSE
01HQZS38STN47D16223FTBVVP5,Chalmers,Cuniffe,ccuniffeg9,ccuniffeg9@multiply.com,461-657-0845,Male,15/10/95,9995 Pearson Plaza,Kingston,DT10,United Kingdom,23/06/23,FALSE
01HQZS38SW54M5M4FFEB0SF1X3,Liliane,Atger,latgerga,latgerga@google.fr,247-510-2959,Female,09/05/92,2289 Susan Point,Upton,DN21,United Kingdom,08/08/23,TRUE
01HQZS38SYW9JTKG2X31JWW224,Rozalin,Mughal,rmughalgb,rmughalgb@toplist.cz,872-314-5758,Female,13/03/99,7599 Rieder Crossing,Norton,NN11,United Kingdom,19/05/23,TRUE
01HQZS38T156HWBSB47R84R83K,Nevin,Negri,nnegrigc,nnegrigc@mit.edu,927-443-9950,Male,04/11/98,21990 Crownhardt Way,West End,DN36,United Kingdom,26/12/23,FALSE
01HQZS38T3E5JX841RDVSKR0NZ,Anthe,Tomet,atometgd,atometgd@hubpages.com,749-624-1588,Female,17/11/91,351 Troy Road,Carlton,DL8,United Kingdom,29/02/24,FALSE
01HQZS38T570T4KMRA5WS6Y6AY,Towny,Robiou,trobiouge,trobiouge@mapquest.com,580-511-0393,Male,31/03/91,7324 Pond Center,Newton,IV1,United Kingdom,01/04/23,FALSE
01HQZS38T7E1RHW2KT9V6P3DDY,Trina,Dracksford,tdracksfordgf,tdracksfordgf@twitter.com,193-830-3514,Female,12/06/98,3 Golf Parkway,Horton,BS37,United Kingdom,07/12/23,FALSE
01HQZS38TA1BQADZYJCZC1W51T,Jasmine,Broster,jbrostergg,jbrostergg@answers.com,424-186-2326,Female,06/02/98,3564 Toban Point,London,WC2H,United Kingdom,14/12/23,FALSE
01HQZS38TCXY4XW9VHBMQ1092D,Reinwald,Menchenton,rmenchentongh,rmenchentongh@netlog.com,996-785-2870,Male,07/05/95,76477 Dennis Parkway,Newton,NG34,United Kingdom,02/03/24,FALSE
01HQZS38TEZ4F49X27229MBAV6,Darcy,Orehead,doreheadgi,doreheadgi@blogger.com,864-653-4391,Female,02/12/95,654 Sundown Crossing,Aberdeen,AB39,United Kingdom,14/09/23,FALSE
01HQZS38THW6CSBD9KQ6CD53ZE,Sidoney,Halden,shaldengj,shaldengj@jimdo.com,601-140-8083,Female,28/12/96,642 Pearson Plaza,Newport,NR29,United Kingdom,15/09/23,FALSE
01HQZS38TK718QKQTP09EQ7AAY,Anatole,Kingaby,akingabygk,akingabygk@wired.com,502-610-6114,Male,14/02/98,87 Luster Alley,Brampton,NR34,United Kingdom,21/06/23,TRUE
01HQZS38TNE99FK53WB3V4N838,Isador,Enrigo,ienrigogl,ienrigogl@myspace.com,633-531-2300,Male,09/06/91,11 Forest Junction,Manchester,M14,United Kingdom,14/12/23,TRUE
01HQZS38TRK2WCNCHSGSPQ98N3,Lian,Rodden,lroddengm,lroddengm@apple.com,800-625-5509,Female,02/08/99,791 Melby Drive,Wirral,CH48,United Kingdom,15/05/23,FALSE
01HQZS38TTNCCK9XH0WT361FCV,Bobbette,Goodayle,bgoodaylegn,bgoodaylegn@usatoday.com,542-920-0568,Female,19/02/98,5 Buhler Lane,Newton,IV1,United Kingdom,20/09/23,FALSE
01HQZS38TW3PMJNEW8MWFADJXT,Harry,Iorio,hioriogo,hioriogo@illinois.edu,965-832-9526,Male,28/06/91,2664 Schurz Avenue,Birmingham,B40,United Kingdom,04/05/23,FALSE
01HQZS38TY4XDG6B0FKW0A9PEP,Alejandro,MacMechan,amacmechangp,amacmechangp@stanford.edu,801-873-2469,Male,27/04/98,5224 Almo Street,Carlton,DL8,United Kingdom,15/11/23,TRUE
01HQZS38V10GGM32BEFJRJ5MFZ,Garrik,Drakers,gdrakersgq,gdrakersgq@freewebs.com,259-318-4269,Male,13/02/98,821 David Junction,Leeds,LS6,United Kingdom,01/04/23,FALSE
01HQZS38V3PA90DVVBYDX6GNKC,Oswald,Baber,obabergr,obabergr@cdc.gov,793-413-6825,Male,16/02/91,14425 Moland Circle,Kinloch,PH43,United Kingdom,15/12/23,TRUE
01HQZS38V5SFK53CCTGGMABGDF,Jacinta,Dayley,jdayleygs,jdayleygs@homestead.com,114-164-4018,Female,30/05/95,52749 Village Green Avenue,West End,DN36,United Kingdom,11/05/23,TRUE
01HQZS38V8JWM3TZNHPAMC3CZH,Candra,Thompstone,cthompstonegt,cthompstonegt@auda.org.au,385-648-7042,Female,10/01/99,08 Donald Point,Milton,AB56,United Kingdom,09/12/23,FALSE
01HQZS38VA0EPR9NDVKY4QX487,Marketa,Medmore,mmedmoregu,mmedmoregu@soundcloud.com,403-612-3914,Female,08/09/94,6952 Messerschmidt Center,Swindon,SN1,United Kingdom,01/04/23,FALSE
01HQZS38VDCKRJW4CBMAXEF5NR,Birk,Oxterby,boxterbygv,boxterbygv@geocities.jp,188-618-5840,Male,13/03/95,016 Glacier Hill Trail,Newton,IV1,United Kingdom,13/10/23,FALSE
01HQZS38VF3SMDQQ3S5ZVR8865,Lauretta,Mallard,lmallardgw,lmallardgw@ehow.com,358-974-6771,Female,23/06/96,0528 Rieder Place,Walton,CV35,United Kingdom,14/05/23,FALSE
01HQZS38VHYD24F1VP0CYKGBND,Mil,Selvey,mselveygx,mselveygx@samsung.com,737-573-7679,Female,03/02/94,00568 Texas Drive,Craigavon,BT66,United Kingdom,27/07/23,TRUE
01HQZS38VM9ACFARFKGMP7B1YN,Reinaldo,Dumper,rdumpergy,rdumpergy@netscape.com,861-269-4617,Male,24/11/95,0698 Welch Circle,Brampton,NR34,United Kingdom,14/05/23,FALSE
01HQZS38VP866REFGWD7JVN2RY,Agretha,Liptrod,aliptrodgz,aliptrodgz@paginegialle.it,762-978-9776,Female,09/08/99,1934 Brown Place,West End,DN36,United Kingdom,12/02/24,FALSE
01HQZS38VRJM8CFEB7BV5ZTKDV,Cory,Autrie,cautrieh0,cautrieh0@ox.ac.uk,446-220-8631,Male,27/09/93,991 Cherokee Avenue,Denton,M34,United Kingdom,24/08/23,TRUE
01HQZS38VT5Y7RJ5DYHVYKQHPP,Ivory,Conyard,iconyardh1,iconyardh1@ow.ly,669-735-0917,Female,18/08/95,34799 4th Circle,Tullich,AB55,United Kingdom,08/03/24,FALSE
01HQZS38VXV4VPJKST77246G4J,Courtney,Markushkin,cmarkushkinh2,cmarkushkinh2@yale.edu,969-990-6675,Female,28/08/90,919 Sommers Plaza,Whitchurch,BS14,United Kingdom,04/09/23,FALSE
01HQZS38VZCZNV804KD1PSRH1C,Dedie,Vedenyakin,dvedenyakinh3,dvedenyakinh3@soup.io,648-421-6783,Female,14/08/93,7837 Golf Lane,London,SW1E,United Kingdom,04/11/23,FALSE
01HQZS38W17VAFCDCK938R4GAZ,Eleonora,de Werk,edewerkh4,edewerkh4@unc.edu,343-513-6156,Female,07/05/93,8665 Center Park,Kinloch,PH43,United Kingdom,29/07/23,FALSE
01HQZS38W3SKFR6TCCT3VB7X6Q,Marlyn,Campagne,mcampagneh5,mcampagneh5@toplist.cz,328-784-6763,Female,01/05/97,82 Leroy Street,East End,BH21,United Kingdom,28/02/24,FALSE
01HQZS38W5TRPDYYN0VYC4VHH5,Kelci,Quarrington,kquarringtonh6,kquarringtonh6@weibo.com,996-387-1366,Female,27/01/98,1 Donald Road,Halton,LS9,United Kingdom,22/01/24,FALSE
01HQZS38W89R8WZD3ZQDDA41D8,Danell,Follis,dfollish7,dfollish7@uiuc.edu,443-852-0958,Female,18/07/90,29 Center Drive,East End,BH21,United Kingdom,21/07/23,FALSE
01HQZS38WA3Z7CSGTCCYFSNKC6,Kordula,Dominico,kdominicoh8,kdominicoh8@hud.gov,345-473-1437,Female,06/08/91,54948 Crownhardt Junction,Edinburgh,EH9,United Kingdom,07/05/23,FALSE
01HQZS38WC158WY5QE89XQS9C7,Nanon,Poag,npoagh9,npoagh9@hc360.com,566-779-7885,Other,06/05/98,64432 Ronald Regan Alley,Bristol,BS41,United Kingdom,17/02/24,TRUE
01HQZS38WEDQXH6AW7MBAW6TFZ,Lloyd,Veschambes,lveschambesha,lveschambesha@infoseek.co.jp,304-784-9008,Male,01/02/96,851 Stoughton Drive,Brampton,NR34,United Kingdom,04/11/23,TRUE
01HQZS38WG8S1THR49J3J5XZ8S,Georgie,Justun,gjustunhb,gjustunhb@constantcontact.com,873-114-7623,Female,28/08/95,805 Ohio Park,Belfast,BT2,United Kingdom,22/12/23,TRUE
01HQZS38WKDSJ20MNNR50NYRAB,Martino,Cohan,mcohanhc,mcohanhc@fc2.com,162-226-1315,Male,06/07/97,2047 Monica Avenue,Church End,N3,United Kingdom,04/07/23,TRUE
01HQZS38WN50JNS505JWJ29GJF,Carie,McNamara,cmcnamarahd,cmcnamarahd@boston.com,319-580-2087,Female,26/04/99,05036 Monument Center,Kingston,DT10,United Kingdom,29/02/24,TRUE
01HQZS38WQ1V5DA9V69ZYKMPQF,Sigismundo,Loynton,sloyntonhe,sloyntonhe@ucoz.com,145-771-4112,Male,06/04/94,4048 Crest Line Circle,Middleton,LE16,United Kingdom,05/12/23,FALSE
01HQZS38WSWA7THRMFDV94M298,Hedwiga,Fairall,hfairallhf,hfairallhf@photobucket.com,428-156-1824,Female,18/09/97,1144 Stephen Circle,Stapleford,LN6,United Kingdom,28/08/23,FALSE
01HQZS38WV597YWCJXSKDD55FJ,Billy,Brooker,bbrookerhg,bbrookerhg@indiegogo.com,204-567-5046,Female,19/08/98,3 Orin Terrace,Belfast,BT2,United Kingdom,27/10/23,FALSE
01HQZS38WXVF9XHHTQG073DC8B,Carmelle,Bendelow,cbendelowhh,cbendelowhh@ox.ac.uk,580-204-1300,Female,15/09/90,856 Bartillon Junction,Weston,GU32,United Kingdom,19/02/24,TRUE
01HQZS38X0VGHTEFS1J0JP1VR8,Merrilee,Durdan,mdurdanhi,mdurdanhi@acquirethisname.com,775-678-2233,Female,13/12/90,702 Bowman Avenue,Burnside,EH52,United Kingdom,11/03/24,TRUE
01HQZS38X281N3C89KS61H3ZVS,Felike,Grizard,fgrizardhj,fgrizardhj@tinypic.com,210-532-8779,Male,09/06/90,68 Donald Lane,Ford,GL54,United Kingdom,08/01/24,TRUE
01HQZS38X4NTPCGJQT876DSMTF,Vanda,Addionizio,vaddioniziohk,vaddioniziohk@google.com.br,886-425-2332,Female,30/10/91,59 Laurel Trail,Eaton,DN22,United Kingdom,15/10/23,TRUE
01HQZS38X6AS3MVQ7D55XBCRWH,Odetta,Dollard,odollardhl,odollardhl@mayoclinic.com,218-779-6260,Female,08/06/99,71182 Elmside Center,Sheffield,S1,United Kingdom,04/05/23,TRUE
01HQZS38X808DY9M4Q97J035Z4,Leslie,Stopps,lstoppshm,lstoppshm@youku.com,910-341-1201,Male,14/03/90,01121 Hazelcrest Pass,Church End,CB4,United Kingdom,24/05/23,FALSE
01HQZS38XA07VKGKSDHEPC8Z0S,Natale,Peltzer,npeltzerhn,npeltzerhn@army.mil,655-508-4342,Male,05/06/91,7676 Wayridge Pass,Whitchurch,BS14,United Kingdom,09/11/23,FALSE
01HQZS38XDFFARYNX1J0HKSBKG,Clareta,Splevin,csplevinho,csplevinho@t.co,317-206-3575,Female,26/09/93,6854 Del Mar Circle,Milton,AB56,United Kingdom,10/09/23,FALSE
01HQZS38XFN9XMV488HRR2PRNZ,Mord,Farr,mfarrhp,mfarrhp@europa.eu,758-622-6509,Male,10/05/95,8056 Lakewood Gardens Parkway,Upton,WF9,United Kingdom,13/05/23,FALSE
01HQZS38XHRJME10Q4N4DA3NF3,Gauthier,Conlon,gconlonhq,gconlonhq@blinklist.com,119-111-7931,Male,02/05/96,1549 Scoville Way,Denton,M34,United Kingdom,02/04/23,FALSE
01HQZS38XKCP79Z6RBHGCKJ76K,Orran,Adamkiewicz,oadamkiewiczhr,oadamkiewiczhr@skyrock.com,759-473-2655,Male,23/06/90,13 Ludington Plaza,Charlton,OX12,United Kingdom,15/01/24,TRUE
01HQZS38XNZC0TP8T1PMC1H9F0,Lem,June,ljunehs,ljunehs@ameblo.jp,312-573-1644,Male,03/12/96,26 Fairview Circle,Ford,GL54,United Kingdom,26/12/23,TRUE
01HQZS38XQRJRSHMAGT8ZB6JWR,Morgen,Glassane,moglassaneht,moglassaneht@last.fm,925-817-0087,Male,12/06/91,6102 Kings Plaza,West End,DN36,United Kingdom,09/02/24,FALSE
01HQZS38XTG9E02WSWSR08HDSY,Rochette,Wardle,rwardlehu,rwardlehu@dropbox.com,482-998-4387,Female,29/03/97,26 Dakota Court,Newport,NR29,United Kingdom,11/02/24,TRUE
01HQZS38XWFNATYYSG79DEXK6E,Stephen,Alekhov,salekhovhv,salekhovhv@cnn.com,828-520-0909,Male,26/03/93,8257 Norway Maple Way,Langley,SG4,United Kingdom,15/08/23,TRUE
01HQZS38XY89ACWNM9CFSDD5YJ,Clayson,Donkersley,cdonkersleyhw,cdonkersleyhw@i2i.jp,462-821-0605,Male,17/11/98,491 Springview Junction,Horton,BS37,United Kingdom,16/05/23,FALSE
01HQZS38Y06ED4B0Q5PSAGX1BK,Enoch,Pauling,epaulinghx,epaulinghx@parallels.com,493-662-6406,Male,29/08/98,5471 Saint Paul Way,Newton,IV1,United Kingdom,01/04/23,TRUE
01HQZS38Y2N2V4CVFXZC7HWB3X,Dieter,Squibbs,dsquibbshy,dsquibbshy@simplemachines.org,189-832-0091,Male,19/12/91,3 Michigan Way,London,W1F,United Kingdom,10/01/24,FALSE
01HQZS38Y4JARXD8EGEMWX8J1C,Tersina,Wilkes,twilkeshz,twilkeshz@reddit.com,607-918-3151,Female,09/10/98,1 Lerdahl Place,Stapleford,LN6,United Kingdom,02/10/23,FALSE
01HQZS38Y6P1RYF43W9ZK5ZY04,Dodi,Crisell,dcriselli0,dcriselli0@cyberchimps.com,691-429-2472,Female,11/10/92,94530 Carberry Road,Marston,ST20,United Kingdom,28/02/24,FALSE
01HQZS38Y9YH06AE74JT6JPWSF,Oswell,Castard,ocastardi1,ocastardi1@blogger.com,864-240-0023,Male,19/08/93,87 Luster Parkway,Wirral,CH48,United Kingdom,03/11/23,FALSE
01HQZS38YBSDA3RJ0RT9AT3AA7,Ailee,Zamboniari,azamboniarii2,azamboniarii2@patch.com,138-195-4231,Female,25/10/94,5639 Commercial Way,Halton,LS9,United Kingdom,04/10/23,TRUE
01HQZS38YDTF2DBFZMBDXF6WZ6,Tandi,Cesaric,tcesarici3,tcesarici3@latimes.com,476-920-4914,Female,25/09/93,2 Fordem Crossing,East End,BH21,United Kingdom,05/10/23,FALSE
01HQZS38YFG8HDJTRJPJ593NSG,Glennis,Soame,gsoamei4,gsoamei4@walmart.com,322-919-9814,Female,02/07/97,35367 Hintze Alley,Pentre,SY4,United Kingdom,15/06/23,TRUE
01HQZS38YHS2RCK4HB3FPBCMZ8,Yul,Kondratovich,ykondratovichi5,ykondratovichi5@tuttocitta.it,225-774-8656,Other,17/11/95,914 Ridge Oak Terrace,Belfast,BT2,United Kingdom,18/09/23,TRUE
01HQZS38YM1HFBXM5S87F7Y3RV,Halette,Leupoldt,hleupoldti6,hleupoldti6@oakley.com,397-533-5693,Other,25/01/97,879 Sycamore Junction,Glasgow,G4,United Kingdom,19/03/23,TRUE
01HQZS38YPVZX3J6Z86F4NAVX1,Karine,Gemmell,kgemmelli7,kgemmelli7@mozilla.org,100-308-3895,Female,15/03/99,21 Mayer Park,Carlton,DL8,United Kingdom,01/03/24,TRUE
01HQZS38YRCZ1J909QHQH4ZPZQ,Tristam,Kinnear,tkinneari8,tkinneari8@joomla.org,975-552-6231,Male,06/11/92,8761 Kim Plaza,Church End,N3,United Kingdom,04/06/23,FALSE
01HQZS38YT393AQ5RC90J9A3MW,Patty,McTiernan,pmctiernani9,pmctiernani9@simplemachines.org,200-620-0869,Female,14/02/98,868 Village Parkway,Langley,SG4,United Kingdom,29/12/23,FALSE
01HQZS38YWTRFJKJYX8F5HAST8,Dorita,Sellars,dsellarsia,dsellarsia@usda.gov,343-626-5231,Female,24/04/91,63641 Dayton Circle,Newton,NG34,United Kingdom,05/12/23,TRUE
01HQZS38YZHK2V1KB60YZZWYN6,Joli,Cadge,jcadgeib,jcadgeib@google.nl,520-756-9363,Female,04/10/90,4355 Eggendart Point,Wootton,NN4,United Kingdom,01/03/24,TRUE
01HQZS38Z1611MHPEVXD917JDG,Irving,Andress,iandressic,iandressic@reuters.com,659-301-8002,Male,27/06/93,93938 Melody Junction,Halton,LS9,United Kingdom,23/03/23,TRUE
01HQZS38Z3C4Q15EM2DE07D5YK,Latashia,Comellini,lcomelliniid,lcomelliniid@hud.gov,251-996-0407,Female,01/12/96,64 Dixon Plaza,Buckland,CT16,United Kingdom,26/02/24,FALSE
01HQZS38Z5N9EWH13VYQJ8BK9X,Lawry,Durtnell,ldurtnellie,ldurtnellie@mozilla.org,773-964-7803,Male,28/10/90,150 Commercial Circle,Ashley,SN13,United Kingdom,22/11/23,FALSE
01HQZS38Z7D43NSKB5BY96B06D,Calv,Codron,ccodronif,ccodronif@yahoo.co.jp,986-397-1812,Male,14/03/95,1779 Lunder Park,Merton,SW19,United Kingdom,31/12/23,TRUE
01HQZS38Z9Y81Q9X2ZTZK99Q78,Elnar,Haslam,ehaslamig,ehaslamig@bing.com,154-189-1099,Male,11/10/99,5 Schlimgen Court,Liverpool,L74,United Kingdom,24/05/23,FALSE
01HQZS38ZDNERDCMWBHE93T6HW,Adair,Grimm,agrimmih,agrimmih@irs.gov,241-451-3625,Male,07/04/99,8745 Sommers Park,Tullich,AB55,United Kingdom,09/05/23,FALSE
01HQZS38ZFJ43NJJKQ7FSX753P,Jule,Panswick,jpanswickii,jpanswickii@creativecommons.org,243-293-5648,Male,02/04/98,69537 Burrows Road,Newton,IV1,United Kingdom,12/03/24,FALSE
01HQZS38ZHFH694QJXSH7VGGY7,Morgen,Meese,mmeeseij,mmeeseij@china.com.cn,823-401-8901,Male,17/07/99,68904 Helena Trail,Church End,CB4,United Kingdom,30/01/24,TRUE
01HQZS38ZKM98M99APTJ277HG7,Kristine,Hyams,khyamsik,khyamsik@psu.edu,743-853-3938,Female,18/03/91,6 Mallory Plaza,Birmingham,B40,United Kingdom,24/04/23,FALSE
01HQZS38ZNTBP36W13X0NWYFCN,Drusi,Meijer,dmeijeril,dmeijeril@dell.com,813-317-7138,Other,07/05/91,15 Memorial Park,London,EC3M,United Kingdom,25/01/24,TRUE
01HQZS39BWBSMTJNDHA6YGATBY,Stephanus,Kropach,skropachim,skropachim@t-online.de,576-449-3587,Male,10/08/95,58 Tomscot Place,Langley,SG4,United Kingdom,09/01/24,FALSE
01HQZS39BY3WGQPDS9GDTP1YAQ,Elfrida,Carlozzi,ecarlozziin,ecarlozziin@aol.com,254-735-6287,Female,12/08/91,11 Cottonwood Crossing,Newton,IV1,United Kingdom,07/10/23,TRUE
01HQZS39C2M2ZDMVR9S8J7G2NG,Robbert,Burgise,rburgiseio,rburgiseio@sakura.ne.jp,427-155-9034,Male,22/08/96,0320 Express Terrace,London,EC1V,United Kingdom,27/03/23,FALSE
01HQZS39C4CP9WYFXBCMDF1MFP,Gabrielle,Mowson,gmowsonip,gmowsonip@vimeo.com,906-338-5411,Female,05/09/94,1287 Kim Trail,Milton,NG22,United Kingdom,07/05/23,FALSE
01HQZS39C60Q2J0AKZ20TM9JM6,David,Hartness,dhartnessiq,dhartnessiq@e-recht24.de,305-851-1845,Male,26/02/96,19 Spenser Circle,Twyford,LE14,United Kingdom,17/01/24,TRUE
01HQZS39C8XGSGHAF4R8XJGRHR,Carl,Heisham,cheishamir,cheishamir@bizjournals.com,483-854-1289,Other,06/05/94,1 Eggendart Junction,London,WC2H,United Kingdom,19/07/23,TRUE
01HQZS39CBZQCYEJHDHYMHE21E,Tobie,Dressell,tdressellis,tdressellis@google.fr,432-392-7599,Male,06/04/95,2958 Pierstorff Way,Middleton,LE16,United Kingdom,01/02/24,TRUE
01HQZS39CDS2BSMG4WFRK8C1NP,Arnoldo,Koppes,akoppesit,akoppesit@so-net.ne.jp,760-636-6784,Male,23/07/97,79 Kenwood Terrace,Belfast,BT2,United Kingdom,01/07/23,TRUE
01HQZS39CG86F4N6CJHWSXK6PZ,Tiffy,Darlington,tdarlingtoniu,tdarlingtoniu@abc.net.au,258-195-1064,Female,21/07/99,8466 Myrtle Parkway,Carlton,DL8,United Kingdom,17/08/23,TRUE
01HQZS39CJW6WY58H96E1AE55R,Angy,Keattch,akeattchiv,akeattchiv@cyberchimps.com,632-342-3087,Female,03/10/94,37 Gulseth Point,Milton,NG22,United Kingdom,31/12/23,FALSE
01HQZS39CNW1R9QN3NK962AJ05,Theo,Aluard,taluardiw,taluardiw@cdbaby.com,844-373-2273,Male,11/02/97,58973 Claremont Hill,Belfast,BT2,United Kingdom,16/03/23,FALSE
01HQZS39CQ6QY779JRV7T9GW37,Bartlet,Shyres,bshyresix,bshyresix@1und1.de,105-423-4783,Male,01/04/97,692 Old Shore Avenue,Dean,OX7,United Kingdom,11/12/23,TRUE
01HQZS39CS24XGPJHWEFCYXQYP,Marmaduke,Dowtry,mdowtryiy,mdowtryiy@networkadvertising.org,193-346-6284,Male,27/09/94,703 Buena Vista Point,Edinburgh,EH9,United Kingdom,12/06/23,FALSE
01HQZS39CVXQAP4MFM5J52YAC2,Haleigh,Weond,hweondiz,hweondiz@csmonitor.com,977-562-2211,Male,02/06/92,95222 Jackson Terrace,Aberdeen,AB39,United Kingdom,25/06/23,FALSE
01HQZS39CYBC3S62XKZ2B3B5VZ,Ingram,Tschirschky,itschirschkyj0,itschirschkyj0@alexa.com,972-232-0523,Male,16/04/94,3 Sage Trail,East End,BH21,United Kingdom,22/01/24,FALSE
01HQZS39D0XW2VA2B455P9HEE0,Janice,Reasun,jreasunj1,jreasunj1@china.com.cn,726-865-4216,Female,15/04/90,51 Mariners Cove Point,Ashley,SN13,United Kingdom,01/04/23,TRUE
01HQZS39D261PNYR39VE9JZ7Y5,Lottie,Rous,lrousj2,lrousj2@house.gov,759-418-9543,Female,17/09/94,5 Grim Point,Birmingham,B12,United Kingdom,23/04/23,TRUE
01HQZS39D4B64NGCVF2RZDC728,Lindie,Craiker,lcraikerj3,lcraikerj3@dagondesign.com,864-723-1693,Female,22/09/97,55012 Express Road,West End,DN36,United Kingdom,22/06/23,TRUE
01HQZS39D7PHGX34R117JBDYSM,Griselda,Aslen,gaslenj4,gaslenj4@joomla.org,324-174-7023,Female,15/02/91,993 Hovde Trail,Walton,CV35,United Kingdom,09/02/24,TRUE
01HQZS39D985AD55EZ746WF0QR,Binni,Olrenshaw,bolrenshawj5,bolrenshawj5@google.ru,192-808-1612,Female,03/09/93,001 Pawling Lane,Upton,DN21,United Kingdom,28/08/23,FALSE
01HQZS39DB83MV145S55DVNMCP,Becky,Corington,bcoringtonj6,bcoringtonj6@blogspot.com,687-936-1685,Female,20/11/94,18023 Park Meadow Avenue,Belfast,BT2,United Kingdom,25/06/23,TRUE
01HQZS39DEQDTJC46WNPM76N2G,Riley,Betjes,rbetjesj7,rbetjesj7@liveinternet.ru,385-876-6205,Male,02/02/94,87642 Oxford Center,Manchester,M14,United Kingdom,07/03/24,FALSE
01HQZS39DG4TPMSQ2ZNXKP8AKS,Celina,Sheerin,csheerinj8,csheerinj8@sbwire.com,887-867-9649,Female,15/09/99,61 Grover Parkway,Leeds,LS6,United Kingdom,05/05/23,FALSE
01HQZS39DJSQHXNYSYEYA1V1BF,Claiborn,Collacombe,ccollacombej9,ccollacombej9@usa.gov,579-387-4925,Male,04/09/95,33 Nancy Park,Pentre,SY4,United Kingdom,24/04/23,TRUE
01HQZS39DMN8WYAP4086FZGP7A,Karole,Fennell,kfennellja,kfennellja@facebook.com,125-366-5408,Female,02/07/94,47852 Holy Cross Center,Upton,DN21,United Kingdom,14/11/23,FALSE
01HQZS39DQBJDYRJP1EF78K2JN,Tiffie,Gasken,tgaskenjb,tgaskenjb@nifty.com,804-351-9510,Female,16/04/96,45 Sachtjen Plaza,Halton,LS9,United Kingdom,05/12/23,FALSE
01HQZS39DSG9P5W8TA9C2TT93A,Judon,Folkerts,jfolkertsjc,jfolkertsjc@nymag.com,223-379-3567,Male,01/02/97,7160 Pleasure Point,Kinloch,PH43,United Kingdom,18/08/23,FALSE
01HQZS39DVPM3HF4YF4H6380RT,Verge,Shannahan,vshannahanjd,vshannahanjd@yolasite.com,283-191-2503,Male,28/08/96,303 Tony Center,London,SW1E,United Kingdom,12/12/23,FALSE
01HQZS39DXBNT799JZGY3YPGPE,Bengt,Maclean,bmacleanje,bmacleanje@gmpg.org,525-741-2613,Male,24/06/92,27168 Lake View Avenue,Buckland,CT16,United Kingdom,30/10/23,FALSE
01HQZS39E0N08BW659PGS5N72C,Korry,Laight,klaightjf,klaightjf@narod.ru,100-116-7685,Female,22/01/94,01787 Quincy Terrace,Milton,NG22,United Kingdom,01/11/23,FALSE
01HQZS39E2TD51HG6C9GR61971,Danella,Littlechild,dlittlechildjg,dlittlechildjg@businessweek.com,961-374-3913,Female,02/05/96,73 Raven Park,Twyford,LE14,United Kingdom,21/09/23,FALSE
01HQZS39E4SQTDS3T424YTX44F,Flori,Whereat,fwhereatjh,fwhereatjh@cpanel.net,408-110-8565,Female,15/08/96,20605 Village Crossing,Horton,BS37,United Kingdom,24/04/23,TRUE
01HQZS39E7TX7A7XGJGNM74EMB,Shalna,Hedditeh,shedditehji,shedditehji@howstuffworks.com,162-156-8897,Female,03/06/99,68 Havey Drive,Glasgow,G4,United Kingdom,06/03/24,TRUE
01HQZS39E90ZAJ60EZQZW2D4GT,Murvyn,Buttrey,mbuttreyjj,mbuttreyjj@unblog.fr,393-857-2458,Male,07/08/97,15 Becker Way,Milton,NG22,United Kingdom,14/01/24,FALSE
01HQZS39EB5YNBV1PD9967KY2A,Hanny,Bauldrey,hbauldreyjk,hbauldreyjk@cnn.com,797-434-8393,Female,01/02/99,41042 Mockingbird Avenue,Twyford,LE14,United Kingdom,02/03/24,FALSE
01HQZS39ED92QNNQATSK2FDX60,Teri,Ert,tertjl,tertjl@pbs.org,130-469-4695,Female,13/10/98,444 Acker Point,Walton,CV35,United Kingdom,20/07/23,FALSE
01HQZS39EGQ1606P9RMN3PXQ0P,Jorry,Lober,jloberjm,jloberjm@github.com,467-383-4406,Female,01/03/95,953 Maple Wood Center,Normanton,LE15,United Kingdom,07/01/24,TRUE
01HQZS39EJC2R4VJ3Q4RCPHNG0,Jerrie,Siddle,jsiddlejn,jsiddlejn@trellian.com,374-563-9396,Other,10/01/98,9 Sunfield Street,Craigavon,BT66,United Kingdom,05/01/24,TRUE
01HQZS39EM23A2X1RKGW6GFZEW,Luciana,Wafer,lwaferjo,lwaferjo@timesonline.co.uk,216-655-9063,Female,08/02/94,311 Duke Lane,Newton,IV1,United Kingdom,30/01/24,FALSE
01HQZS39EPR2A7A4HKBY7N2E90,Uta,Assandri,uassandrijp,uassandrijp@tumblr.com,858-537-5105,Female,23/10/96,5 Merrick Crossing,Church End,N3,United Kingdom,01/08/23,TRUE
01HQZS39ESRHBVRXF5YZFE75QN,Mandie,Buttler,mbuttlerjq,mbuttlerjq@diigo.com,702-635-7373,Female,25/03/91,76009 Glacier Hill Place,Halton,LS9,United Kingdom,06/11/23,TRUE
01HQZS39EVQRWFZ2WR60P6YMZR,Glenn,Vearncomb,gvearncombjr,gvearncombjr@elegantthemes.com,999-129-7168,Female,15/06/93,068 Stoughton Terrace,Craigavon,BT66,United Kingdom,02/03/24,TRUE
01HQZS39EX9HSNPVDH5C0RZMWA,Wallis,Gandy,wgandyjs,wgandyjs@ow.ly,595-839-8537,Male,05/09/97,08942 Hoepker Trail,Wootton,NN4,United Kingdom,28/07/23,TRUE
01HQZS39EZN1H0YDZ5R3F1ZBDH,Izak,Gordon,igordonjt,igordonjt@buzzfeed.com,504-834-9801,Male,19/03/90,3 Onsgard Pass,Bristol,BS41,United Kingdom,10/01/24,TRUE
01HQZS39F2ANNHXF02Z1QQS2CE,Garnette,Worboy,gworboyju,gworboyju@symantec.com,828-471-7287,Female,14/05/97,7 Anzinger Place,Upton,DN21,United Kingdom,16/02/24,FALSE
01HQZS39F451Z7XKPKDSFVC9XS,Nevil,Toman,ntomanjv,ntomanjv@flavors.me,283-844-6927,Male,15/02/94,8536 Cambridge Pass,Eaton,DN22,United Kingdom,18/01/24,TRUE
01HQZS39F63V6ZTJ08BKWR2H5W,Doloritas,Wilden,dwildenjw,dwildenjw@hubpages.com,895-241-9766,Female,26/06/96,2925 Lukken Lane,Whitchurch,BS14,United Kingdom,07/02/24,TRUE
01HQZS39F94196JFS5MSE3QNYG,Morie,Ottawell,mottawelljx,mottawelljx@dagondesign.com,134-928-3184,Male,13/02/99,214 Bobwhite Point,Whitwell,DL10,United Kingdom,28/06/23,TRUE
01HQZS39FBDGW9EBD4S3FJY45Z,Alon,Tureville,aturevillejy,aturevillejy@icio.us,394-206-1527,Male,15/10/95,6 Prentice Alley,East End,BH21,United Kingdom,08/11/23,FALSE
01HQZS39FD6EW0FPY6S766KJDN,Bail,Czadla,bczadlajz,bczadlajz@deviantart.com,119-953-6298,Male,01/10/91,33 Lakeland Point,London,WC2H,United Kingdom,28/10/23,FALSE
01HQZS39FG5QBNT1QE1GE1RWWP,Batholomew,Barday,bbardayk0,bbardayk0@biblegateway.com,879-624-1627,Male,10/01/96,5 Straubel Place,Tullich,AB55,United Kingdom,18/01/24,FALSE
01HQZS39FJ6HBS8JKYCF97SHV2,Ash,Larimer,alarimerk1,alarimerk1@wired.com,257-498-3582,Male,23/09/96,66 Mcguire Pass,Langley,SG4,United Kingdom,07/07/23,TRUE
01HQZS39FMC3FGAWY7EFKDTD2S,Emmy,Clemon,eclemonk2,eclemonk2@rakuten.co.jp,704-776-5924,Male,08/02/92,7616 Stang Parkway,Bradford,BD7,United Kingdom,11/08/23,FALSE
01HQZS39FPSXRAAC2Z9EXH1HZ9,Renata,Wessell,rwessellk3,rwessellk3@alibaba.com,733-660-8205,Female,04/10/92,8446 Swallow Alley,Wirral,CH48,United Kingdom,27/02/24,FALSE
01HQZS39FS52NS4NXF080CAZE9,Sibella,Maberley,smaberleyk4,smaberleyk4@nps.gov,946-141-2225,Female,24/05/94,67756 Oak Terrace,London,SW1E,United Kingdom,22/12/23,TRUE
01HQZS39FVYFWSK9DP5DE94NX0,Godiva,Jerams,gjeramsk5,gjeramsk5@dot.gov,294-373-0164,Female,22/07/91,28 Stone Corner Avenue,Bristol,BS41,United Kingdom,09/05/23,FALSE
01HQZS39FXV177F4YW21JWZWXR,Garik,Batterbee,gbatterbeek6,gbatterbeek6@miitbeian.gov.cn,619-253-8605,Male,11/11/91,53 Fairfield Crossing,Charlton,OX12,United Kingdom,01/12/23,FALSE
01HQZS39FZK42J14F47995SH71,Holmes,Botwood,hbotwoodk7,hbotwoodk7@sourceforge.net,449-382-6739,Male,01/09/98,0 Birchwood Circle,Aston,TF6,United Kingdom,27/07/23,TRUE
01HQZS39G13R8Q1Y5XZPT6SNTQ,Avie,Collison,acollisonk8,acollisonk8@bluehost.com,613-915-5033,Female,21/09/94,92757 Sunnyside Hill,Burnside,EH52,United Kingdom,05/11/23,FALSE
01HQZS39G4MV85FDY94K73J5JA,Abbey,Freake,afreakek9,afreakek9@huffingtonpost.com,544-542-9705,Other,21/10/93,20 Old Gate Road,Aberdeen,AB39,United Kingdom,02/12/23,TRUE
01HQZS39G6VZQEA5YC0S31QY7F,Kain,Blagden,kblagdenka,kblagdenka@ameblo.jp,341-551-0517,Male,07/07/93,1 Dakota Circle,Kingston,DT10,United Kingdom,08/01/24,FALSE
01HQZS39G82YV6AXR8CZDKEY6A,Minni,Brock,mbrockkb,mbrockkb@msn.com,797-613-1293,Male,21/12/98,97 Bluejay Circle,Belfast,BT2,United Kingdom,06/12/23,TRUE
01HQZS39GBJFTQR2QXVZS9XRBA,Bailey,Pittman,bpittmankc,bpittmankc@wikispaces.com,150-412-3747,Male,04/08/91,14498 Graedel Lane,Middleton,LE16,United Kingdom,30/12/23,FALSE
01HQZS39GD1HY0E8SG0ZQ8Z3Y4,Hugo,Vallery,hvallerykd,hvallerykd@ibm.com,147-755-7688,Male,04/03/95,8 Lien Center,Kinloch,PH43,United Kingdom,12/09/23,FALSE
01HQZS39GFTYRBKGJZNARZ00QY,Neda,Orneblow,norneblowke,norneblowke@un.org,759-434-8950,Female,04/12/93,2755 Ridgeview Junction,London,WC1B,United Kingdom,03/01/24,TRUE
01HQZS39GJQFQR07KXM1EVDFQQ,Lotti,Tunnick,ltunnickkf,ltunnickkf@twitter.com,773-747-9311,Female,12/09/97,2 Portage Park,Birmingham,B40,United Kingdom,18/03/23,FALSE
01HQZS39GM9C0QGNDK9SHT99JV,Tiffani,Trenaman,ttrenamankg,ttrenamankg@addthis.com,608-647-2776,Other,11/05/91,36 Jenifer Court,Kinloch,PH43,United Kingdom,15/11/23,TRUE
01HQZS39GPBBTENP95Y4C1S0P7,Eben,Tattershall,etattershallkh,etattershallkh@ustream.tv,335-883-0341,Male,31/05/95,5697 Oakridge Street,Aston,TF6,United Kingdom,30/06/23,TRUE
01HQZS39GR0QW4B1V7WT69HS9B,Edgard,Cess,ecesski,ecesski@webmd.com,653-289-6178,Other,02/01/98,0009 Kensington Trail,Wootton,NN4,United Kingdom,20/12/23,FALSE
01HQZS39GV0QSQJNHVJNMNZRCZ,Kip,Dicky,kdickykj,kdickykj@wikimedia.org,480-789-5825,Male,10/08/94,09 Walton Circle,Pentre,SY4,United Kingdom,28/09/23,FALSE
01HQZS39GX40794N4MMYEYRX99,Bridget,Cherrington,bcherringtonkk,bcherringtonkk@china.com.cn,877-841-0251,Female,02/07/91,48129 Reinke Park,Newport,NR29,United Kingdom,23/07/23,TRUE
01HQZS39GZZKN3009KMNXM5J8T,Rikki,Harbour,rharbourkl,rharbourkl@rakuten.co.jp,397-480-7190,Male,02/02/98,7 Briar Crest Parkway,Hatton,CV35,United Kingdom,09/12/23,TRUE
01HQZS39H1BKMYXRDCFMSZB1JA,Chilton,Sighard,csighardkm,csighardkm@earthlink.net,406-978-1511,Male,24/12/95,66 Gina Place,Newtown,RG20,United Kingdom,02/06/23,FALSE
01HQZS39H3HC5JT0BG6NGGPVS1,Janith,Bowton,jbowtonkn,jbowtonkn@tamu.edu,431-299-8151,Female,19/12/96,3138 Pine View Court,East End,BH21,United Kingdom,20/09/23,FALSE
01HQZS39H6HW6YFCZ55JBSC7KS,Leigh,Tottle,ltottleko,ltottleko@biglobe.ne.jp,446-598-8647,Male,04/09/90,5382 American Ash Alley,Walton,CV35,United Kingdom,21/04/23,TRUE
01HQZS39H8V84A7MNHPQBYZ151,Marabel,Need,mneedkp,mneedkp@about.me,443-367-0957,Female,18/04/94,89 Washington Hill,Thorpe,BD23,United Kingdom,10/06/23,TRUE
01HQZS39HAFFJGSQ87Y5XFYNXH,Hadria,Cadwallader,hcadwalladerkq,hcadwalladerkq@myspace.com,139-449-2402,Female,14/04/96,72 Jenna Center,Newton,NG34,United Kingdom,11/08/23,TRUE
01HQZS39HCSHSNQA8V7F2B3TTB,Virgie,Gemmell,vgemmellkr,vgemmellkr@goodreads.com,400-406-0186,Male,30/07/99,50 Oak Valley Point,Brampton,NR34,United Kingdom,29/07/23,FALSE
01HQZS39HFWVMHHH9J29R261F2,Darell,Carmichael,dcarmichaelks,dcarmichaelks@kickstarter.com,713-648-4241,Female,17/10/92,514 Loomis Alley,Halton,LS9,United Kingdom,17/11/23,FALSE
01HQZS39HHHE42Y535N3QH8F7P,Chantalle,Jiru,cjirukt,cjirukt@latimes.com,118-652-3616,Female,25/02/93,7725 6th Plaza,Craigavon,BT66,United Kingdom,19/08/23,TRUE
01HQZS39HKBGAEMPSZC1KEJ5MA,Lelah,Polack,lpolackku,lpolackku@histats.com,946-512-8326,Other,16/09/99,00 Marquette Trail,Tullich,AB55,United Kingdom,02/03/24,TRUE
01HQZS39HNFJ145S7C9F66VRSY,Boycie,Ostrich,bostrichkv,bostrichkv@moonfruit.com,716-395-9382,Male,22/12/93,874 Tennessee Crossing,London,WC2H,United Kingdom,26/02/24,TRUE
01HQZS39HRK2BW5QTEQXVHNVCP,Patricio,Kennedy,pkennedykw,pkennedykw@nature.com,581-855-2952,Male,26/11/99,44181 Mendota Junction,Aston,TF6,United Kingdom,14/03/23,FALSE
01HQZS39HV5FJH4XMVW24RGS69,Sharia,Ceschelli,sceschellikx,sceschellikx@thetimes.co.uk,215-945-3494,Female,22/01/98,8 Burning Wood Park,Milton,AB56,United Kingdom,01/11/23,FALSE
01HQZS39HX59PQAHPVBTMNNYA0,Chalmers,Branca,cbrancaky,cbrancaky@elegantthemes.com,860-259-3759,Male,12/05/99,9 8th Trail,Carlton,DL8,United Kingdom,08/02/24,TRUE
01HQZS39HZK0273ABMMZ94W0Z8,Mylo,Maryet,mmaryetkz,mmaryetkz@reference.com,308-615-0732,Male,10/07/98,192 Shopko Parkway,Kingston,DT10,United Kingdom,06/03/24,TRUE
01HQZS39J1CHWDVA58FJAMZXC3,Darlene,Mosdall,dmosdalll0,dmosdalll0@nbcnews.com,732-930-3405,Female,17/12/98,2 Havey Avenue,Ashley,SN13,United Kingdom,05/04/23,TRUE
01HQZS39J3VFX9V3MS713HFDR6,Rebeka,Dasent,rdasentl1,rdasentl1@bravesites.com,534-186-8854,Female,28/01/97,0225 Transport Point,West End,DN36,United Kingdom,29/05/23,TRUE
01HQZS39J6SZWCRCBE8CFBKCJQ,Agnesse,Bunclark,abunclarkl2,abunclarkl2@nytimes.com,709-324-0639,Female,21/12/90,15 Twin Pines Pass,Marston,ST20,United Kingdom,05/05/23,FALSE
01HQZS39J8GEMSNSKB3GK13V5Z,Cleon,Chisnell,cchisnelll3,cchisnelll3@harvard.edu,821-722-2907,Male,13/05/91,874 Park Meadow Court,Thorpe,BD23,United Kingdom,28/11/23,TRUE
01HQZS39JAFQ3MDZVWT9A6DSAE,Janith,Drennan,jdrennanl4,jdrennanl4@360.cn,153-396-8028,Female,22/10/99,83 Trailsway Parkway,Swindon,SN1,United Kingdom,27/08/23,TRUE
01HQZS39JCD9RBH7F51MQFG9X0,Rosa,Runchman,rrunchmanl5,rrunchmanl5@hao123.com,680-496-9394,Female,11/01/99,1 Lawn Court,Edinburgh,EH9,United Kingdom,18/05/23,TRUE
01HQZS39JFYTKB20NX044YPW80,Nydia,Heliar,nheliarl6,nheliarl6@jigsy.com,659-276-5292,Female,13/10/98,065 Elmside Junction,Merton,SW19,United Kingdom,24/01/24,TRUE
01HQZS39JHTV16TZTNC60JA3DX,Mada,Mifflin,mmifflinl7,mmifflinl7@vimeo.com,895-806-0651,Female,10/10/95,54213 Monument Parkway,East End,BH21,United Kingdom,19/06/23,FALSE
01HQZS39JKDQQATVFE3DPKSH9N,Briney,MacHoste,bmachostel8,bmachostel8@w3.org,151-467-0430,Female,29/05/93,82614 Dexter Court,Burnside,EH52,United Kingdom,30/10/23,FALSE
01HQZS39JPJ6E6PJ7MWTCCPCXN,Brittany,Bestar,bbestarl9,bbestarl9@163.com,307-573-8114,Female,21/11/92,73 Lien Drive,London,WC2H,United Kingdom,22/03/23,TRUE
01HQZS39JRZ1R67SG673R67GVF,Zollie,Abramovicz,zabramoviczla,zabramoviczla@e-recht24.de,163-259-3565,Male,10/10/98,5 Northfield Plaza,Carlton,DL8,United Kingdom,01/05/23,TRUE
01HQZS39JTXWR305VZ8JZX342W,Ike,Braybrooke,ibraybrookelb,ibraybrookelb@ucsd.edu,224-387-2961,Male,18/05/91,652 Ludington Lane,Whitwell,DL10,United Kingdom,09/02/24,FALSE
01HQZS39JWWSPWE0Q345HRP0YH,Brand,Blackstone,bblackstonelc,bblackstonelc@intel.com,142-556-0089,Other,18/11/90,2232 Roxbury Hill,Kinloch,PH43,United Kingdom,22/12/23,FALSE
01HQZS39JYCGP2SP1ARTR8JHY4,Celestia,Redmille,credmilleld,credmilleld@thetimes.co.uk,425-495-0360,Female,18/06/92,3 Shoshone Crossing,Kingston,DT10,United Kingdom,19/10/23,TRUE
01HQZS39K1KEKSWFSR99PE66V1,Herbie,Joron,hjoronle,hjoronle@hugedomains.com,740-259-8198,Male,05/03/97,40 Del Sol Center,Church End,CB4,United Kingdom,21/03/23,TRUE
01HQZS39K3V8WB7VJX7WM7JR3Z,Kristos,Kilshall,kkilshalllf,kkilshalllf@wikispaces.com,837-669-5758,Male,23/10/97,30657 Summerview Hill,Newport,NR29,United Kingdom,09/11/23,TRUE
01HQZS39K5N1CNB674NVYK08CB,Hamil,Durgan,hdurganlg,hdurganlg@about.com,844-860-2879,Male,14/04/96,32 Kings Way,Middleton,LE16,United Kingdom,06/08/23,FALSE
01HQZS39K73RM6PWKQG43XKB7Q,Holt,Beedon,hbeedonlh,hbeedonlh@gizmodo.com,974-387-5637,Male,29/12/96,98 Londonderry Crossing,Kirkton,KW10,United Kingdom,24/03/23,FALSE
01HQZS39KA85WYBTWS2XDR1H76,Dody,Osgordby,dosgordbyli,dosgordbyli@uiuc.edu,848-660-5255,Female,28/11/99,28 Thompson Court,Burnside,EH52,United Kingdom,02/09/23,TRUE
01HQZS39KC08ZPPJFT0P5W2759,Yasmin,Greve,ygrevelj,ygrevelj@berkeley.edu,997-349-8323,Other,17/12/98,417 Ramsey Hill,Pentre,SY4,United Kingdom,20/01/24,TRUE
01HQZS39KEG4WNBE7326NDAZMF,Raleigh,Gready,rgreadylk,rgreadylk@ihg.com,829-514-4447,Other,22/06/93,9 Bayside Terrace,Norton,NN11,United Kingdom,10/12/23,FALSE
01HQZS39KHBQ4BPNM9MS85W6VA,Barbette,Conrart,bconrartll,bconrartll@ox.ac.uk,737-569-7573,Female,15/07/96,022 Arrowood Center,Newbiggin,NE46,United Kingdom,28/08/23,TRUE
01HQZS39KKQPJWSSQ2HTEJPDBF,Diandra,Wimes,dwimeslm,dwimeslm@blogspot.com,709-433-0662,Other,20/03/96,5483 Norway Maple Avenue,Ashley,SN13,United Kingdom,27/03/23,TRUE
01HQZS39KNJ3ENAN8E55907TZG,Leonidas,Cattellion,lcattellionln,lcattellionln@cargocollective.com,285-376-1379,Male,04/12/94,0 South Avenue,Kingston,DT10,United Kingdom,22/03/23,TRUE
01HQZS39KR0MMS03VB3BTRSVFS,Gwendolin,Grumell,ggrumelllo,ggrumelllo@flickr.com,865-300-4872,Female,30/07/94,64792 Arapahoe Circle,Kingston,DT10,United Kingdom,06/07/23,TRUE
01HQZS39KTQ2TA9MPBP9SQTFRF,Ritchie,Foskett,rfoskettlp,rfoskettlp@go.com,519-572-4714,Male,19/09/91,9044 Larry Circle,Belfast,BT2,United Kingdom,17/10/23,TRUE
01HQZS39KWJEA80HNF8A51BB1Z,Orsola,Winsper,owinsperlq,owinsperlq@twitpic.com,274-349-0301,Female,12/05/93,0175 Walton Alley,Manchester,M14,United Kingdom,14/09/23,TRUE
01HQZS39KYCBBC1A2AD7D2MYBR,Hagen,Impey,himpeylr,himpeylr@xinhuanet.com,302-204-8114,Male,23/10/97,7 Fairfield Lane,Edinburgh,EH9,United Kingdom,04/01/24,FALSE
01HQZS39M1NA7DT3B86YY7G3NV,Upton,Orpen,uorpenls,uorpenls@umn.edu,581-535-2033,Male,02/04/90,565 Sunbrook Road,Burnside,EH52,United Kingdom,25/10/23,FALSE
01HQZS39M3H7N6N722B2BBSRQK,Demetrius,Boich,dboichlt,dboichlt@hhs.gov,779-526-7168,Male,10/11/97,456 Mccormick Terrace,Newbiggin,NE46,United Kingdom,30/09/23,TRUE
01HQZS39M5YDD6XFANZ1ETWMT8,Carolina,Tite,ctitelu,ctitelu@gmpg.org,370-715-9323,Female,11/02/94,13 Magdeline Hill,Newtown,RG20,United Kingdom,01/09/23,TRUE
01HQZS39M7V66HNJXR9HDCQNWA,Vilma,Mapson,vmapsonlv,vmapsonlv@hud.gov,568-908-1168,Male,29/05/93,05 Kings Lane,Marston,ST20,United Kingdom,27/05/23,FALSE
01HQZS39M980HZES8QKY1P8YY9,Chaunce,Noonan,cnoonanlw,cnoonanlw@yolasite.com,800-679-5610,Male,13/01/94,5 Forest Dale Hill,Middleton,LE16,United Kingdom,15/11/23,FALSE
01HQZS39MCNFGHS7MC9GTZ4HB9,Samantha,Iacobo,siacobolx,siacobolx@netlog.com,887-124-5446,Female,20/01/91,9333 Graedel Plaza,Aberdeen,AB39,United Kingdom,22/09/23,TRUE
01HQZS39ME9WN0NCWDH04BHHEK,Vita,Avrahamoff,vavrahamoffly,vavrahamoffly@dell.com,330-122-6609,Female,10/05/92,912 Redwing Road,Upton,DN21,United Kingdom,24/04/23,TRUE
01HQZS39MGRHCPC7K95E6KTJGB,Benetta,Chave,bchavelz,bchavelz@gmpg.org,112-200-5344,Female,01/04/99,22 Butterfield Street,Newport,NR29,United Kingdom,14/03/23,TRUE
01HQZS39MJX070WJEDFEQSK6BF,Simonette,Philipeau,sphilipeaum0,sphilipeaum0@mtv.com,924-802-9107,Female,06/11/91,95 Ludington Lane,Aston,TF6,United Kingdom,27/12/23,FALSE
01HQZS39MNQAEJ6JM4YDWRY8K0,Brooks,Dragoe,bdragoem1,bdragoem1@amazon.co.jp,205-669-8848,Male,28/11/96,11555 Talmadge Street,Milton,NG22,United Kingdom,14/03/23,TRUE
01HQZS39MQ4NMC51NTZS6PH6KB,Corri,Lamming,clammingm2,clammingm2@geocities.com,962-266-5442,Female,26/07/91,44 Meadow Ridge Center,Kinloch,PH43,United Kingdom,18/12/23,TRUE
01HQZS39MS3F48QBWBRE0F3RCG,Ashlin,Kitt,akittm3,akittm3@facebook.com,133-427-7477,Male,15/09/96,5180 Blue Bill Park Alley,Marston,ST20,United Kingdom,01/01/24,TRUE
01HQZS39MWED3TFJMQ7W748EEJ,Rudolf,Monahan,rmonahanm4,rmonahanm4@live.com,156-435-6128,Other,04/04/98,9511 Granby Center,Upton,WF9,United Kingdom,31/03/23,TRUE
01HQZS39MYWAA32W3EKSWPPT3T,Lynelle,Taillard,ltaillardm5,ltaillardm5@nasa.gov,526-254-4940,Female,18/08/96,33833 Kim Pass,Norton,S8,United Kingdom,10/11/23,TRUE
01HQZS39N0SDVJ4RGTRK94RJ3J,Fredericka,Eames,feamesm6,feamesm6@ucoz.com,391-879-8016,Female,04/01/98,1500 Buena Vista Street,Middleton,LE16,United Kingdom,12/07/23,FALSE
01HQZS39N30F7DP7RR4TAT9K8R,Pacorro,Channer,pchannerm7,pchannerm7@infoseek.co.jp,287-559-0422,Male,24/05/94,37457 Heffernan Lane,East End,BH21,United Kingdom,16/12/23,FALSE
01HQZS39N5TG2YHMB2QR02XYMT,Raimund,Bromet,rbrometm8,rbrometm8@i2i.jp,367-229-1582,Male,15/01/98,53 Graceland Court,Weston,GU32,United Kingdom,27/06/23,TRUE
01HQZS39N71RXPCMSHSNRACWMS,Carolee,Dreye,cdreyem9,cdreyem9@a8.net,494-507-0760,Female,14/05/95,74172 Vermont Place,Sutton,RH5,United Kingdom,02/01/24,TRUE
01HQZS39NAKQF8H9FDNKXWDSST,Isabelita,Esser,iesserma,iesserma@cornell.edu,994-292-0456,Female,30/04/98,2 Lakewood Gardens Crossing,Bristol,BS41,United Kingdom,16/05/23,FALSE
01HQZS39NCTJWNH1WKBAPA4D2W,Toiboid,Dunge,tdungemb,tdungemb@stumbleupon.com,863-165-9230,Male,23/10/91,03 Waywood Crossing,Kinloch,PH43,United Kingdom,09/05/23,FALSE
01HQZS39NEEQMB0YQAMTRJDDY8,Jerome,Schoroder,jschorodermc,jschorodermc@newsvine.com,663-670-8291,Male,15/05/97,7484 Florence Street,Thorpe,BD23,United Kingdom,24/03/23,TRUE
01HQZS39NG61C3N9P3QP0BXRXX,Khalil,Gipp,kgippmd,kgippmd@biblegateway.com,457-224-8872,Other,28/06/97,11855 Hudson Road,Swindon,SN1,United Kingdom,12/05/23,FALSE
01HQZS39NK41F0T57H37MHK116,Gladi,Cluer,gcluerme,gcluerme@gov.uk,549-130-7010,Other,10/01/00,67869 Bobwhite Hill,Swindon,SN1,United Kingdom,14/11/23,TRUE
01HQZS39NNW916NXRNXADHSPZP,Neel,Denacamp,ndenacampmf,ndenacampmf@bizjournals.com,931-490-8624,Male,20/08/92,3 Anzinger Court,Craigavon,BT66,United Kingdom,20/12/23,TRUE
01HQZS39NQ5X45EB7KE8DRN56H,Clim,Rheaume,crheaumemg,crheaumemg@hp.com,516-855-9269,Male,12/10/91,1765 Warner Alley,Norton,S8,United Kingdom,02/03/24,TRUE
01HQZS39NTPRK044E5R6BW75E7,Darb,Greene,dgreenemh,dgreenemh@ca.gov,591-371-7321,Female,25/06/96,4006 Oneill Junction,London,EC1V,United Kingdom,23/01/24,FALSE
01HQZS39NWNM280ZX4PTT0SFT4,Anton,Fortun,afortunmi,afortunmi@nytimes.com,441-504-1244,Male,15/11/91,004 Hollow Ridge Hill,Upton,DN21,United Kingdom,10/07/23,TRUE
01HQZS39NY3AEA9AYBZQBE1JXV,Zabrina,Eick,zeickmj,zeickmj@nyu.edu,136-739-0174,Female,20/07/98,0062 Boyd Park,Whitchurch,BS14,United Kingdom,02/02/24,FALSE
01HQZS39P105F3QNZB6QG1WS30,Brigid,Houlison,bhoulisonmk,bhoulisonmk@feedburner.com,990-221-6936,Female,30/01/99,7 Hooker Crossing,London,EC1V,United Kingdom,08/04/23,FALSE
01HQZS39P3DARVE8A1P2VZVPG7,Colman,Bordis,cbordisml,cbordisml@webeden.co.uk,446-178-7203,Male,29/06/98,94 Declaration Avenue,Liverpool,L74,United Kingdom,09/08/23,TRUE
01HQZS39P6A1QQCY71R6AJKY6G,Elvyn,Tuddall,etuddallmm,etuddallmm@scribd.com,346-333-4545,Male,20/01/99,48256 Fair Oaks Road,Bristol,BS41,United Kingdom,13/09/23,TRUE
01HQZS39P9WQETAJ8D267VRP8N,Humberto,Glossop,hglossopmn,hglossopmn@nih.gov,742-836-9690,Male,30/07/93,965 Maryland Trail,London,EC1V,United Kingdom,07/09/23,TRUE
01HQZS39PCMZG7A5EC6TYANEC6,Godfrey,Willeman,gwillemanmo,gwillemanmo@wunderground.com,672-556-7468,Male,25/07/95,892 7th Alley,Milton,NG22,United Kingdom,03/08/23,FALSE
01HQZS39PGD9XKDVRBGXWR9SFR,Virge,Croston,vcrostonmp,vcrostonmp@pagesperso-orange.fr,133-312-0792,Other,15/07/99,7910 Monica Parkway,Burnside,EH52,United Kingdom,03/01/24,FALSE
01HQZS39PJY8TS9BA3R7M8Q3MH,Tadeo,Overpool,toverpoolmq,toverpoolmq@dailymail.co.uk,879-715-0806,Male,05/08/98,7849 Holmberg Hill,London,WC2H,United Kingdom,28/06/23,FALSE
01HQZS39PNVT2J8FNS3KVXZH4A,Zacherie,Crichmer,zcrichmermr,zcrichmermr@stanford.edu,186-136-6305,Male,29/03/99,41 Hintze Lane,Stapleford,LN6,United Kingdom,23/01/24,FALSE
01HQZS39PQJT734HN3SKRTWZEQ,Shara,Rutigliano,srutiglianoms,srutiglianoms@cloudflare.com,716-699-4434,Female,08/10/96,525 American Ash Plaza,Tullich,AB55,United Kingdom,07/08/23,FALSE
01HQZS39PSVN8Y9FM1V1GMEFGH,Aristotle,Lesurf,alesurfmt,alesurfmt@1688.com,407-720-3109,Male,06/02/97,293 Carioca Park,Sutton,CT15,United Kingdom,29/11/23,TRUE
01HQZS39PW64H7HAK1MJK0XWT6,Mada,Pauletti,mpaulettimu,mpaulettimu@toplist.cz,221-476-0686,Female,30/01/94,32172 Hintze Way,Ashley,SN13,United Kingdom,06/01/24,FALSE
01HQZS39PY4BEQP4E0F989ASEB,Mirella,Vollam,mvollammv,mvollammv@blogger.com,387-357-9096,Female,03/01/00,2 Chinook Parkway,Kirkton,KW10,United Kingdom,10/07/23,TRUE
01HQZS39Q0AH4W3KTCVYC08HBH,Karolina,Hartle,khartlemw,khartlemw@nytimes.com,625-867-7731,Female,18/01/96,002 Kennedy Parkway,Preston,PR1,United Kingdom,04/12/23,TRUE
01HQZS39Q361QB485SJE1JKAFC,Judah,MacVean,jmacveanmx,jmacveanmx@so-net.ne.jp,677-801-0265,Male,12/11/90,06 Morningstar Circle,Milton,AB56,United Kingdom,03/02/24,TRUE
01HQZS39Q6MKE8G07RFSFK99A0,Rayshell,Kollach,rkollachmy,rkollachmy@google.com.hk,121-619-2699,Female,18/07/94,78 Forest Dale Crossing,Pentre,SY4,United Kingdom,16/01/24,TRUE
01HQZS39Q8J5P6B2MJH73053E9,Mellie,Starr,mstarrmz,mstarrmz@desdev.cn,343-479-2285,Female,06/11/98,5351 Arrowood Road,London,EC1V,United Kingdom,28/10/23,TRUE
01HQZS39QAHCD6EZR1XKBDE9RG,Leon,Laugier,llaugiern0,llaugiern0@answers.com,470-343-0953,Male,25/05/93,4515 Mendota Pass,Burnside,EH52,United Kingdom,22/02/24,TRUE
01HQZS39QCJM7N5YFWQ5ZAN3SN,Alyosha,Schiesterl,aschiesterln1,aschiesterln1@techcrunch.com,897-787-6116,Male,25/12/93,71996 Huxley Point,Liverpool,L33,United Kingdom,10/05/23,TRUE
01HQZS39QFWSS05HS9R1BRCKRS,Zena,Graine,zgrainen2,zgrainen2@mapy.cz,657-819-9516,Female,22/12/93,9 Lakewood Junction,Pentre,SY4,United Kingdom,15/02/24,TRUE
01HQZS39QJ0KF1CTY1EYF8Q33B,Barrett,Durrington,bdurringtonn3,bdurringtonn3@buzzfeed.com,503-863-1591,Male,22/06/97,71 Carpenter Pass,Leeds,LS6,United Kingdom,26/05/23,FALSE
01HQZS39QN94ZMMQNZG35F566V,Dee dee,Skellen,dskellenn4,dskellenn4@dot.gov,632-663-7851,Other,11/09/99,5862 Forest Park,Sheffield,S1,United Kingdom,07/06/23,TRUE
01HQZS39QSCH1MS4VMMD5Y6XPP,Willdon,Handy,whandyn5,whandyn5@ucla.edu,942-668-3564,Male,29/01/95,7 Grayhawk Place,London,W1F,United Kingdom,25/08/23,TRUE
01HQZS39QW8A628WK83SEQGRJ4,Bartie,Chasen,bchasenn6,bchasenn6@list-manage.com,128-251-0058,Male,24/04/97,8 Mesta Junction,Kinloch,PH43,United Kingdom,12/08/23,FALSE
01HQZS39QZPM34PBX9KD6ZPM6W,Goldi,Van der Krui,gvanderkruin7,gvanderkruin7@imageshack.us,742-492-1089,Female,07/10/94,91 Esker Street,Ashley,SN13,United Kingdom,16/03/23,FALSE
01HQZS39R26CDWNRGA4NNZFTSE,Cedric,Fishwick,cfishwickn8,cfishwickn8@nsw.gov.au,694-629-4899,Male,23/08/92,8 Grayhawk Court,Twyford,LE14,United Kingdom,06/05/23,TRUE
01HQZS39R51SVV41TZN1PHCRB4,Jamill,Streater,jstreatern9,jstreatern9@home.pl,254-742-5200,Male,27/02/92,4487 Cascade Street,Whitwell,DL10,United Kingdom,21/09/23,FALSE
01HQZS3A3P8MZAB8AHY26TV145,Lenci,Yeatman,lyeatmanna,lyeatmanna@opensource.org,992-948-0429,Male,07/05/99,5 Prairie Rose Pass,Leeds,LS6,United Kingdom,06/01/24,FALSE
01HQZS3A3SPENYY8TA4YGFN2X1,Burke,Suthworth,bsuthworthnb,bsuthworthnb@yolasite.com,919-592-6077,Male,31/03/94,5 Bowman Street,Brampton,NR34,United Kingdom,29/05/23,TRUE
01HQZS3A3XHCVTR4086JTWS7Q7,Mace,More,mmorenc,mmorenc@moonfruit.com,142-254-7027,Male,04/03/91,347 Schmedeman Street,Kirkton,KW10,United Kingdom,28/07/23,FALSE
01HQZS3A405CFACGVGGT24GAQ8,Marcelo,Ferrolli,mferrollind,mferrollind@yahoo.com,233-169-2974,Male,03/02/95,74 Golf Course Street,Preston,PR1,United Kingdom,27/09/23,TRUE
01HQZS3A432YPQSXP2HAD3PWHK,Fin,Millwater,fmillwaterne,fmillwaterne@eepurl.com,142-403-3096,Male,25/02/94,1 Ludington Pass,Milton,AB56,United Kingdom,10/09/23,TRUE
01HQZS3A46BR36P5BWTEMS0S94,Misty,Trustrie,mtrustrienf,mtrustrienf@opensource.org,514-197-5619,Other,08/01/96,493 Dahle Alley,Preston,PR1,United Kingdom,16/06/23,FALSE
01HQZS3A4AJX5SX6H2CEQFVEJZ,Harvey,Tripean,htripeanng,htripeanng@house.gov,995-715-2289,Male,02/03/90,7101 Fuller Lane,East End,BH21,United Kingdom,25/09/23,TRUE
01HQZS3A4D310MS5QJNRDMR2VP,Rickie,Husthwaite,rhusthwaitenh,rhusthwaitenh@constantcontact.com,659-161-9187,Female,14/08/98,9 Old Gate Pass,Langley,SG4,United Kingdom,19/05/23,FALSE
01HQZS3A4GVSY7XY8E79DN16NS,Waring,Kapiloff,wkapiloffni,wkapiloffni@desdev.cn,639-721-7553,Other,26/10/93,658 Barnett Center,Sheffield,S1,United Kingdom,07/11/23,TRUE
01HQZS3A4KQE1ST7SGS57RQNPC,Lindsey,Battisson,lbattissonnj,lbattissonnj@g.co,888-447-0640,Female,28/01/95,4 Coleman Circle,Sheffield,S33,United Kingdom,02/05/23,FALSE
01HQZS3A4PFHZCJBQ5JEN1Q9Y6,Hamish,Rablin,hrablinnk,hrablinnk@tinyurl.com,626-679-4967,Male,25/12/97,58927 Mcguire Place,Glasgow,G4,United Kingdom,17/06/23,FALSE
01HQZS3A4QFHJZRW7312VPJTX0,Edgardo,Kingswold,ekingswoldnl,ekingswoldnl@bluehost.com,526-244-6550,Male,11/05/95,5046 Elka Lane,Halton,LS9,United Kingdom,25/03/23,TRUE
01HQZS3A4S5CN19MN8GTTXVSFY,Branden,Blaydon,bblaydonnm,bblaydonnm@chronoengine.com,761-369-9688,Male,17/03/91,51 Raven Pass,Wirral,CH48,United Kingdom,14/07/23,TRUE
01HQZS3A4TX3BDRQQWSHCYRV05,Antonino,Nazaret,anazaretnn,anazaretnn@ibm.com,468-517-1120,Other,27/05/99,3007 Victoria Lane,Liverpool,L33,United Kingdom,02/11/23,TRUE
01HQZS3A4X3D90HDQKMRCDAGV7,Nicko,Francescuccio,nfrancescucciono,nfrancescucciono@ask.com,950-856-7723,Male,15/09/97,6573 Vera Pass,Newtown,RG20,United Kingdom,26/02/24,FALSE
01HQZS3A4Y8M34E8HV3QK14M7P,Weider,Broadstock,wbroadstocknp,wbroadstocknp@qq.com,559-329-0701,Male,17/09/96,56 Kim Circle,Edinburgh,EH9,United Kingdom,09/09/23,TRUE
01HQZS3A4ZWW60Q2QS969P8GTN,Gae,Kerrane,gkerranenq,gkerranenq@cloudflare.com,826-121-4064,Female,08/11/93,73293 Bluestem Place,Aston,TF6,United Kingdom,07/02/24,TRUE
01HQZS3A52VT13XS8D6NZDB6MB,Salem,Kollasch,skollaschnr,skollaschnr@squidoo.com,557-714-6944,Male,12/03/94,06 Buell Center,Belfast,BT2,United Kingdom,26/02/24,TRUE
01HQZS3A537CVM4SBK401MK1DF,Clayton,Shovlin,cshovlinns,cshovlinns@skyrock.com,763-589-9700,Male,20/01/94,00956 Bunting Alley,Sutton,RH5,United Kingdom,15/04/23,TRUE
01HQZS3A56RAPY5YD0YETH473P,Maurise,Capenor,mcapenornt,mcapenornt@creativecommons.org,454-273-5489,Male,15/12/97,65884 Bowman Hill,Church End,N3,United Kingdom,02/04/23,TRUE
01HQZS3A580RBFPVZ3N7Y675VX,Tadeo,Deathridge,tdeathridgenu,tdeathridgenu@cdbaby.com,562-933-9000,Male,17/09/94,3940 Green Circle,London,WC2H,United Kingdom,05/09/23,FALSE
01HQZS3A5AB1WWWYK9Q2KPHERF,Tyson,Husher,thushernv,thushernv@scribd.com,897-737-0012,Male,05/12/91,6 Granby Park,Dean,OX7,United Kingdom,19/02/24,FALSE
01HQZS3A5E71BZ3D803EPVGSPB,Calypso,Iwanczyk,ciwanczyknw,ciwanczyknw@upenn.edu,170-548-2694,Female,03/09/95,24 Bartelt Way,East End,BH21,United Kingdom,03/06/23,TRUE
01HQZS3A5HSYMQQY92WM228R5N,Veriee,Bayman,vbaymannx,vbaymannx@meetup.com,906-131-1870,Female,06/12/93,4969 Clyde Gallagher Place,Milton,NG22,United Kingdom,09/03/24,TRUE
01HQZS3A5NTK99XJ5Z44WQ2J3G,Neale,Vassano,nvassanony,nvassanony@ucoz.com,352-310-5969,Other,11/01/96,2 Sullivan Drive,Buckland,CT16,United Kingdom,30/07/23,TRUE
01HQZS3A5R7JWXW3Y842KDXXS1,Britta,Molesworth,bmolesworthnz,bmolesworthnz@addthis.com,502-734-3090,Female,29/01/97,06035 Crownhardt Place,London,WC1B,United Kingdom,18/09/23,TRUE
01HQZS3A5VR2YDWS3BN7MWMJD1,Korey,Blumson,kblumsono0,kblumsono0@homestead.com,129-388-0708,Male,21/10/90,4 Delladonna Street,Craigavon,BT66,United Kingdom,13/10/23,FALSE
01HQZS3A5XWFKHSS6JHQFXMH3V,Kaela,Costigan,kcostigano1,kcostigano1@51.la,157-700-2758,Other,06/02/99,69 Jenna Place,Norton,NN11,United Kingdom,17/09/23,FALSE
01HQZS3A5ZDEHBKJM1QF6AT9P2,Xenos,Downie,xdownieo2,xdownieo2@hp.com,789-488-1473,Male,09/02/93,07 Bunting Place,Walton,CV35,United Kingdom,24/02/24,TRUE
01HQZS3A60MK2C9GJEBKJ1T82V,Bary,Kirmond,bkirmondo3,bkirmondo3@nhs.uk,591-475-2615,Other,19/06/91,3046 Parkside Circle,Aberdeen,AB39,United Kingdom,28/12/23,TRUE
01HQZS3A62CXK7WX1VJ13SHSC8,Gerrie,Stanfield,gstanfieldo4,gstanfieldo4@istockphoto.com,904-993-2299,Male,28/12/93,3486 Lillian Pass,Milton,AB56,United Kingdom,18/06/23,FALSE
01HQZS3A63Z2E77681BVPC6D79,Marleen,Helbeck,mhelbecko5,mhelbecko5@thetimes.co.uk,316-904-6126,Female,23/02/92,23297 Stone Corner Lane,Weston,GU32,United Kingdom,21/07/23,TRUE
01HQZS3A64P6YSA23EKQD10E54,Barclay,Cockerill,bcockerillo6,bcockerillo6@columbia.edu,649-184-2087,Male,16/08/92,92 Independence Circle,Newport,NR29,United Kingdom,19/02/24,TRUE
01HQZS3A6765BNCB3GNKRNSRXV,Ebony,Suerz,esuerzo7,esuerzo7@microsoft.com,655-924-2075,Other,31/01/00,59408 Oneill Junction,Norton,S8,United Kingdom,12/07/23,TRUE
01HQZS3A6999KM8XBR6PDKK0DJ,Johnna,Du Plantier,jduplantiero8,jduplantiero8@marketwatch.com,375-779-8742,Other,13/07/95,7 Lakeland Trail,Stapleford,LN6,United Kingdom,09/09/23,FALSE
01HQZS3A6C72E7AHN8J7C25XS8,Job,Skylett,jskyletto9,jskyletto9@webeden.co.uk,837-353-6025,Male,04/06/91,74 Calypso Center,Edinburgh,EH9,United Kingdom,27/05/23,TRUE
01HQZS3A6G0XVEQ9MV1A99A1PR,Elfie,Gerbl,egerbloa,egerbloa@slideshare.net,130-205-2138,Female,29/11/96,00071 Victoria Plaza,Birmingham,B40,United Kingdom,03/06/23,TRUE
01HQZS3A6K5QSDTFW899XFZT1K,Lanna,Pluthero,lplutheroob,lplutheroob@yellowpages.com,116-192-8070,Female,23/12/96,03533 Leroy Circle,Leeds,LS6,United Kingdom,14/01/24,FALSE
01HQZS3A6Q6VCZFKQQ847YPSVW,Katuscha,Owenson,kowensonoc,kowensonoc@smugmug.com,464-978-3207,Other,13/01/98,65131 Karstens Road,Linton,BD23,United Kingdom,18/04/23,FALSE
01HQZS3A6V8D8EZZYWPRX5XAWN,Asher,Lepick,alepickod,alepickod@sogou.com,645-713-8512,Male,16/02/98,6904 Schiller Terrace,Sheffield,S33,United Kingdom,23/11/23,FALSE
01HQZS3A6YSS03C1PYDB0JNFBA,Jeffie,Campione,jcampioneoe,jcampioneoe@photobucket.com,620-403-6336,Male,28/09/93,00 Lake View Alley,Middleton,LE16,United Kingdom,28/09/23,FALSE
01HQZS3A72WHNQVT800NKTXQ6S,Park,Radeliffe,pradeliffeof,pradeliffeof@discovery.com,647-344-4015,Male,12/12/91,21 Stuart Point,Newbiggin,NE46,United Kingdom,12/07/23,FALSE
01HQZS3A75HFW5NP2PTDF5YD8E,Lief,Cuzen,lcuzenog,lcuzenog@pcworld.com,656-958-5389,Other,02/11/97,7 Surrey Place,Langley,SG4,United Kingdom,03/04/23,TRUE
01HQZS3A788AM713S0VGJX1MGB,Kayle,Bock,kbockoh,kbockoh@wix.com,373-246-7424,Female,14/11/91,8285 Nancy Center,East End,BH21,United Kingdom,23/02/24,TRUE
01HQZS3A7CAKTRS7X1DFEC0P8J,Kellby,Crinion,kcrinionoi,kcrinionoi@bravesites.com,612-335-5186,Other,03/05/91,1084 Colorado Trail,Manchester,M14,United Kingdom,04/06/23,TRUE
01HQZS3A7G9XVTW3WXHVZC9WWQ,Alexandrina,Dobby,adobbyoj,adobbyoj@topsy.com,440-799-3522,Female,07/01/98,89 Summerview Point,Milton,NG22,United Kingdom,05/05/23,TRUE
01HQZS3A7MDXJA366NQBMM019P,Sophie,Blay,sblayok,sblayok@ftc.gov,313-304-6845,Female,14/04/92,351 Mayfield Court,Langley,SG4,United Kingdom,01/08/23,TRUE
01HQZS3A7PFFFHM7T85BHJZG2G,Rogers,Cartwright,rcartwrightol,rcartwrightol@bing.com,934-153-7183,Male,18/03/90,64890 Drewry Alley,Normanton,LE15,United Kingdom,01/04/23,FALSE
01HQZS3A7SBWQ5J00MDQBSQZVM,Zea,Borghese,zborgheseom,zborgheseom@slideshare.net,257-953-3734,Female,01/02/92,76035 Thompson Place,Stapleford,LN6,United Kingdom,07/03/24,FALSE
01HQZS3A7XYCRT6FP60WTDG2AQ,Vickie,Franzonello,vfranzonelloon,vfranzonelloon@unicef.org,125-741-9534,Female,29/11/95,63062 Caliangt Crossing,Leeds,LS6,United Kingdom,02/12/23,FALSE
01HQZS3A80RB9VSJZ7GZX1YCT0,Tabor,Pauleau,tpauleauoo,tpauleauoo@washingtonpost.com,850-593-9017,Male,15/02/92,87 Aberg Point,Brampton,NR34,United Kingdom,03/08/23,TRUE
01HQZS3A847JNKQM3H47SEA4CP,Brett,Luggar,bluggarop,bluggarop@slate.com,547-458-8397,Female,08/04/91,67 Meadow Ridge Center,Twyford,LE14,United Kingdom,12/07/23,TRUE
01HQZS3A86DR79VQZ35N1BKAZZ,Wendi,Suero,wsuerooq,wsuerooq@amazonaws.com,303-277-3561,Female,01/12/95,117 2nd Pass,Craigavon,BT66,United Kingdom,31/03/23,TRUE
01HQZS3A88A1VG7GC4G0VPWWMB,Bethany,MacMurray,bmacmurrayor,bmacmurrayor@independent.co.uk,694-827-3523,Female,11/11/91,200 Northview Parkway,Denton,M34,United Kingdom,02/11/23,FALSE
01HQZS3A8B99WSFARKSXWB5XR4,Neal,Brimfield,nbrimfieldos,nbrimfieldos@goodreads.com,589-948-4373,Male,03/08/96,6111 Oxford Plaza,Milton,AB56,United Kingdom,28/06/23,FALSE
01HQZS3A8D921V4PC8R1SCNXXA,Randy,Izzat,rizzatot,rizzatot@studiopress.com,592-682-0916,Male,17/10/94,20718 Ryan Avenue,London,W1F,United Kingdom,06/06/23,FALSE
01HQZS3A8GMVVNXGVEXRYJK7EG,Pascale,Longo,plongoou,plongoou@surveymonkey.com,803-476-3686,Male,31/01/99,380 Bonner Point,Merton,SW19,United Kingdom,23/03/23,FALSE
01HQZS3A8JE1EP2F0P91ZBQRCB,Leora,Tremoulet,ltremouletov,ltremouletov@aol.com,616-876-0202,Other,01/12/94,6 Waywood Crossing,Langley,SG4,United Kingdom,01/09/23,FALSE
01HQZS3A8M48QMYRHVGQYWJMD3,Niall,Patman,npatmanow,npatmanow@tmall.com,352-724-6923,Male,10/09/93,84861 Sommers Crossing,Walton,CV35,United Kingdom,27/04/23,TRUE
01HQZS3A8PFP52QWMQY9221XNR,Glenda,Dufaur,gdufaurox,gdufaurox@hc360.com,854-240-5772,Female,12/01/92,3 Daystar Avenue,London,WC1B,United Kingdom,27/06/23,TRUE
01HQZS3A8RMYE7SSJ86S6AA0MM,Kristoforo,Tompion,ktompionoy,ktompionoy@google.de,259-782-0379,Other,14/02/92,1 Sundown Drive,Charlton,OX12,United Kingdom,28/03/23,FALSE
01HQZS3A8T13PCYCJM81F6J9QH,Ladonna,Kirckman,lkirckmanoz,lkirckmanoz@symantec.com,864-344-0784,Female,23/03/98,3725 Marquette Drive,Manchester,M14,United Kingdom,01/07/23,TRUE
01HQZS3A8XDJ4JR2SVF2CBKHH6,Arda,Zorro,azorrop0,azorrop0@squarespace.com,815-438-9048,Female,09/12/93,15 Boyd Way,Bradford,BD7,United Kingdom,31/05/23,TRUE
01HQZS3A8ZCMY64X6J2XVMF14X,Grantley,Bailes,gbailesp1,gbailesp1@walmart.com,447-618-7365,Male,27/03/98,632 Goodland Center,London,EC1V,United Kingdom,06/01/24,TRUE
01HQZS3A91FBKMZE5XFAE74YTP,Virgil,Houlden,vhouldenp2,vhouldenp2@hubpages.com,122-567-3850,Male,06/03/95,864 Prairieview Way,Tullich,AB55,United Kingdom,04/02/24,TRUE
01HQZS3A94XFFP2XQZ3P67369X,Maxy,Boundey,mboundeyp3,mboundeyp3@alibaba.com,723-721-8426,Male,12/07/90,5 Dunning Court,Whitchurch,BS14,United Kingdom,04/07/23,TRUE
01HQZS3A96Y59XMJJ46835PC5K,Charla,Pahler,cpahlerp4,cpahlerp4@reverbnation.com,981-635-5689,Female,02/09/92,01718 Welch Alley,Kirkton,KW10,United Kingdom,22/04/23,FALSE
01HQZS3A98YQAJT8W2FG6CQXH2,Raf,McLaine,rmclainep5,rmclainep5@sphinn.com,923-839-1917,Female,01/09/91,07 Rockefeller Alley,London,SW1E,United Kingdom,13/03/24,FALSE
01HQZS3A9AP48W94G5X0KWSD0C,Ermin,Reiach,ereiachp6,ereiachp6@disqus.com,757-505-3844,Male,31/05/92,541 Manufacturers Plaza,Twyford,LE14,United Kingdom,13/06/23,FALSE
01HQZS3A9CHYY7XRZCT3NYP8RY,Regina,Bellenie,rbelleniep7,rbelleniep7@pcworld.com,537-902-6005,Female,18/01/96,882 Warrior Trail,Milton,NG22,United Kingdom,15/09/23,FALSE
01HQZS3A9FDVME30PNFFYH6R8C,Gabi,Boate,gboatep8,gboatep8@techcrunch.com,461-243-8290,Male,24/02/98,0 Mayfield Alley,Buckland,CT16,United Kingdom,12/07/23,TRUE
01HQZS3A9HMDCQGJTEK8YMMT9H,Lucinda,Eickhoff,leickhoffp9,leickhoffp9@ucsd.edu,865-139-8520,Female,28/01/98,05 Cherokee Pass,Glasgow,G4,United Kingdom,12/04/23,FALSE
01HQZS3A9J4SV5A9X0Z5A6525C,Cordell,Kidby,ckidbypa,ckidbypa@hexun.com,885-908-3437,Male,18/09/93,7 Hermina Avenue,Milton,NG22,United Kingdom,28/07/23,TRUE
01HQZS3A9MR2XV2FM0QJH2A70J,Jemima,Dincke,jdinckepb,jdinckepb@prnewswire.com,604-336-8220,Female,20/09/99,50505 Buell Way,Stapleford,LN6,United Kingdom,17/02/24,FALSE
01HQZS3A9NJP0RNBYFZD9T17KP,Esma,Pattinson,epattinsonpc,epattinsonpc@jimdo.com,482-735-5445,Female,20/10/93,6 Waywood Terrace,Belfast,BT2,United Kingdom,22/10/23,FALSE
01HQZS3A9PD5814CXKENBF91GK,Tiertza,Rennock,trennockpd,trennockpd@army.mil,141-398-8372,Female,28/12/98,5277 Annamark Court,London,W1F,United Kingdom,07/03/24,FALSE
01HQZS3A9QZG0JM27DA8DPKYV3,Emanuel,Barlthrop,ebarlthroppe,ebarlthroppe@360.cn,233-475-9395,Other,25/01/98,46 Talmadge Plaza,Hatton,CV35,United Kingdom,06/08/23,FALSE
01HQZS3A9S14205QH0Z0KWFZX8,Doe,Farndon,dfarndonpf,dfarndonpf@seattletimes.com,565-244-4466,Female,21/03/94,6 Arapahoe Way,Denton,M34,United Kingdom,11/08/23,FALSE
01HQZS3A9T84599XC4JRWQF8GN,Florri,Hambly,fhamblypg,fhamblypg@people.com.cn,444-718-8787,Female,13/07/92,05654 Browning Lane,London,WC2H,United Kingdom,16/03/23,TRUE
01HQZS3A9VKRFVQ5TAGRPWPPNW,Tiff,Mainland,tmainlandph,tmainlandph@ow.ly,816-385-5255,Female,26/11/98,8 Nobel Alley,Swindon,SN1,United Kingdom,06/11/23,TRUE
01HQZS3A9WYPKAHRZ47HCF2RFJ,Letty,Chomicki,lchomickipi,lchomickipi@squidoo.com,380-999-6669,Female,11/02/98,8368 Bultman Junction,Marston,ST20,United Kingdom,24/11/23,TRUE
01HQZS3A9YH5R053V6Y21E72QH,Shelba,Reidie,sreidiepj,sreidiepj@prlog.org,325-246-7031,Female,10/03/98,03445 Dapin Point,Milton,NG22,United Kingdom,19/11/23,TRUE
01HQZS3AA059XR8BRY9KNEHX34,Jeramie,Hoolahan,johoolahanpk,johoolahanpk@wisc.edu,184-566-4946,Male,24/02/93,76711 Mccormick Lane,Upton,WF9,United Kingdom,25/11/23,FALSE
01HQZS3AA2W14XCXTQD489B4ZG,Florencia,Ludwikiewicz,fludwikiewiczpl,fludwikiewiczpl@hugedomains.com,127-921-0681,Female,09/06/93,78 Merrick Terrace,Newtown,RG20,United Kingdom,25/11/23,FALSE
01HQZS3AA5B6Q0ZGTDH6M8HP1G,Mellicent,Underwood,munderwoodpm,munderwoodpm@patch.com,840-623-3049,Female,31/01/96,35116 Fairview Drive,London,WC2H,United Kingdom,31/01/24,FALSE
01HQZS3AA8M13BD5PFR6Y57NCC,Aretha,Radki,aradkipn,aradkipn@archive.org,448-810-3066,Female,17/09/92,16 Anderson Junction,Whitwell,DL10,United Kingdom,18/07/23,TRUE
01HQZS3AABDV1A90NPAH5TS2CP,Pepe,Farra,pfarrapo,pfarrapo@washingtonpost.com,999-492-5307,Male,11/10/97,3558 Anzinger Park,Langley,SG4,United Kingdom,27/03/23,TRUE
01HQZS3AAENJT5B7BZCE46TT27,Nichole,Raubenheimers,nraubenheimerspp,nraubenheimerspp@si.edu,865-313-2946,Female,28/07/96,2336 Iowa Street,Manchester,M14,United Kingdom,05/02/24,FALSE
01HQZS3AAHMMYTEPJYVCNRR8MA,Elsey,Clearie,ecleariepq,ecleariepq@usda.gov,635-294-1305,Female,30/08/98,5047 Merrick Center,Bristol,BS41,United Kingdom,03/10/23,TRUE
01HQZS3AAKKWYKF56CQJ2MDNNW,Phip,Chellenham,pchellenhampr,pchellenhampr@cdc.gov,951-103-9730,Other,14/06/91,7 Chinook Circle,London,EC3M,United Kingdom,26/05/23,FALSE
01HQZS3AAP679QA9RAZ108PTAP,Ivy,Nightingale,inightingaleps,inightingaleps@wunderground.com,231-658-2147,Female,08/12/93,242 Mcguire Junction,Sutton,CT15,United Kingdom,18/10/23,TRUE
01HQZS3AASHS2DJQFA1APM2EH9,Maritsa,Broinlich,mbroinlichpt,mbroinlichpt@delicious.com,406-445-2234,Female,07/11/91,933 Moland Way,Milton,NG22,United Kingdom,14/10/23,FALSE
01HQZS3AAV5SECZ0ENAEW3B6M2,Van,Lipscombe,vlipscombepu,vlipscombepu@craigslist.org,927-814-5104,Male,09/01/97,0 Elgar Place,Belfast,BT2,United Kingdom,05/08/23,FALSE
01HQZS3AAW2CNRBXYK2W9AKY4C,Leona,Stribbling,lstribblingpv,lstribblingpv@google.com.br,529-432-2183,Female,30/06/92,0278 Northland Center,Whitwell,DL10,United Kingdom,13/01/24,TRUE
01HQZS3AAYMQZDY54ZYMZQ8GYS,Richard,Devon,rdevonpw,rdevonpw@last.fm,146-620-5301,Male,05/11/90,2860 Mcguire Avenue,Horton,BS37,United Kingdom,11/06/23,FALSE
01HQZS3AB1SQJB3H733WD5FQ67,Charmian,Roarty,croartypx,croartypx@webmd.com,424-533-2036,Female,05/10/99,19 Harper Circle,Church End,N3,United Kingdom,13/01/24,FALSE
01HQZS3AB24NFX933DZT24H59M,Nannette,Paudin,npaudinpy,npaudinpy@51.la,434-621-6171,Female,10/08/95,2 Anderson Park,Sheffield,S33,United Kingdom,24/02/24,FALSE
01HQZS3AB36SXAGM4ZR1K5BC6F,Carlo,Maffione,cmaffionepz,cmaffionepz@paypal.com,947-543-8653,Male,05/08/91,8984 Eastlawn Way,Norton,NN11,United Kingdom,29/03/23,FALSE
01HQZS3AB446YGT89H89T4ZW63,Fraser,Feedome,ffeedomeq0,ffeedomeq0@wufoo.com,879-992-9762,Male,11/05/90,8154 Pearson Point,Edinburgh,EH9,United Kingdom,24/06/23,TRUE
01HQZS3AB6Q2F6JK7XT5YH615Y,Tamarra,Burrill,tburrillq1,tburrillq1@vistaprint.com,737-406-2352,Female,27/06/98,29621 Rockefeller Street,Thorpe,BD23,United Kingdom,01/05/23,TRUE
01HQZS3AB932R8ND1V6PZF4931,Shandy,Klug,sklugq2,sklugq2@ed.gov,256-542-4255,Female,31/07/93,89 Bashford Parkway,Newtown,RG20,United Kingdom,05/07/23,FALSE
01HQZS3ABBYA4V2SA7NHGTCZG0,Leda,Allmark,lallmarkq3,lallmarkq3@mac.com,693-329-1550,Female,08/09/92,24113 Washington Plaza,Sutton,RH5,United Kingdom,18/06/23,FALSE
01HQZS3ABEG3TAJJT10WSSAZ9Z,Troy,Brodley,tbrodleyq4,tbrodleyq4@topsy.com,119-369-3371,Male,10/12/90,086 Hansons Plaza,Charlton,OX12,United Kingdom,27/06/23,FALSE
01HQZS3ABHGCN40PPJ3GD13BGK,Scott,Brychan,sbrychanq5,sbrychanq5@geocities.jp,867-411-2114,Male,14/03/95,9 Surrey Crossing,Dean,OX7,United Kingdom,01/11/23,FALSE
01HQZS3ABM545H1S9C5Q8CMK2H,Hort,Charlin,hcharlinq6,hcharlinq6@prweb.com,470-430-3949,Male,05/04/98,86 Artisan Circle,Birmingham,B12,United Kingdom,07/03/24,TRUE
01HQZS3ABQ1TYVB60DDSJBPSJS,Kirby,Hospital,khospitalq7,khospitalq7@reference.com,204-330-5783,Male,09/03/97,74447 Sommers Center,Norton,S8,United Kingdom,19/11/23,FALSE
01HQZS3ABSP39C924D3RJQ8X28,Wye,Woodroffe,wwoodroffeq8,wwoodroffeq8@netvibes.com,815-257-4852,Male,12/12/91,1 Reindahl Trail,Newbiggin,NE46,United Kingdom,30/10/23,TRUE
01HQZS3ABTZ866YS8GVYKF3EX0,Jodi,Cringle,jcringleq9,jcringleq9@cpanel.net,229-205-0883,Female,02/09/92,747 Meadow Vale Plaza,Upton,DN21,United Kingdom,27/05/23,TRUE
01HQZS3ABWYY2ZMKPFXTG5224D,Kimberly,Jilkes,kjilkesqa,kjilkesqa@cloudflare.com,739-579-8402,Female,22/06/96,12 Nova Pass,Ashley,SN13,United Kingdom,09/05/23,FALSE
01HQZS3ABXRKE2CGQNA5487MW7,Randie,Normant,rnormantqb,rnormantqb@forbes.com,584-175-8731,Female,07/12/96,02749 Leroy Drive,Aberdeen,AB39,United Kingdom,12/01/24,FALSE
01HQZS3ABY93FSQXFMTBX8VNJN,Darren,Seedman,dseedmanqc,dseedmanqc@blogspot.com,667-892-1962,Male,16/01/98,66 Clemons Avenue,Birmingham,B12,United Kingdom,20/05/23,FALSE
01HQZS3AC04MKTN65VS6Y4K3W5,Ruddy,Peel,rpeelqd,rpeelqd@nyu.edu,642-247-9760,Male,27/06/94,65 Brickson Park Crossing,Stapleford,LN6,United Kingdom,28/02/24,TRUE
01HQZS3AC20ASTMQTPCR61SWJE,Garek,Haggas,ghaggasqe,ghaggasqe@linkedin.com,306-347-4109,Other,13/02/95,2140 Laurel Crossing,Aston,TF6,United Kingdom,24/04/23,TRUE
01HQZS3AC3ZV969S4R4A1Y88EF,Vergil,Oboy,voboyqf,voboyqf@nsw.gov.au,940-224-0754,Male,03/06/92,618 Gateway Pass,Sheffield,S1,United Kingdom,15/01/24,TRUE
01HQZS3AC519KQFKK1KHAEGCB0,Rey,Chern,rchernqg,rchernqg@aboutads.info,817-885-9879,Male,14/10/91,67413 Morrow Avenue,Linton,BD23,United Kingdom,28/03/23,TRUE
01HQZS3AC7BXYXA63R09Z7H4NQ,Gusta,Lente,glenteqh,glenteqh@etsy.com,115-967-7669,Female,28/05/97,642 Barnett Terrace,Manchester,M14,United Kingdom,05/12/23,TRUE
01HQZS3ACA7KDDAAZWS087T2JD,Robinson,Willmer,rwillmerqi,rwillmerqi@springer.com,468-442-5058,Male,06/05/96,5 Harbort Junction,Newport,NR29,United Kingdom,18/03/23,FALSE
01HQZS3ACDJZD6QTEC132F7NSJ,Cly,Heinzler,cheinzlerqj,cheinzlerqj@free.fr,512-458-0471,Male,19/10/96,2462 Moose Place,Langley,SG4,United Kingdom,04/10/23,TRUE
01HQZS3ACE8GQJKQQGNK6FYNVG,Peggi,Foskew,pfoskewqk,pfoskewqk@t.co,537-529-5999,Female,20/04/93,39547 Montana Court,London,SW1E,United Kingdom,27/09/23,FALSE
01HQZS3ACFT06XNBGASNV8FA5R,Kane,Zellmer,kzellmerql,kzellmerql@ebay.com,947-333-0884,Male,01/09/95,8 4th Junction,Newport,NR29,United Kingdom,22/07/23,TRUE
01HQZS3ACHSH49MN6YC8660S0S,Maria,Gorstidge,mgorstidgeqm,mgorstidgeqm@loc.gov,419-254-4952,Female,19/08/93,3 Parkside Alley,Carlton,DL8,United Kingdom,22/07/23,FALSE
01HQZS3ACJGKZ7PC7AW82CHBSD,Veronika,Beaton,vbeatonqn,vbeatonqn@illinois.edu,428-485-4689,Female,03/01/00,997 Cardinal Parkway,Norton,NN11,United Kingdom,21/03/23,FALSE
01HQZS3ACMRNXCXYEBVGYF4AH4,Domingo,Pilch,dpilchqo,dpilchqo@ycombinator.com,251-902-1277,Male,01/01/00,9 Heath Plaza,Halton,LS9,United Kingdom,26/10/23,TRUE
01HQZS3ACNRK3Q32N9XXP4JFTR,Conrad,Mulhill,cmulhillqp,cmulhillqp@paginegialle.it,418-798-9924,Male,26/09/94,2 Rowland Street,Upton,DN21,United Kingdom,26/12/23,FALSE
01HQZS3ACP9KB7MGYCS9D3C6Z9,Felike,MacPeice,fmacpeiceqq,fmacpeiceqq@craigslist.org,983-535-7261,Male,12/07/99,13 Alpine Street,Seaton,LE15,United Kingdom,08/06/23,TRUE
01HQZS3ACRS3NMVZBBEAF1E71D,Truman,Leeuwerink,tleeuwerinkqr,tleeuwerinkqr@1und1.de,251-958-9560,Male,20/10/99,0728 Blue Bill Park Trail,Milton,NG22,United Kingdom,19/06/23,FALSE
01HQZS3ACT7VQEQ9TRK3S38NSD,Klaus,Ghirardi,kghirardiqs,kghirardiqs@biblegateway.com,529-603-0163,Male,05/09/93,94 Waubesa Pass,Charlton,OX12,United Kingdom,19/03/23,FALSE
01HQZS3ACV9XGPNJ5AMNTZSW3M,Charity,Tuckley,ctuckleyqt,ctuckleyqt@com.com,520-256-6702,Female,30/06/90,5 Homewood Lane,Wirral,CH48,United Kingdom,30/04/23,FALSE
01HQZS3ACYQ28PE2DMNJ0698XQ,Shem,Course,scoursequ,scoursequ@mashable.com,141-247-6815,Male,13/07/94,256 Vernon Terrace,Ford,GL54,United Kingdom,05/05/23,FALSE
01HQZS3ACZW1XC39NSFJB7XDRG,Stanfield,Macon,smaconqv,smaconqv@soundcloud.com,331-905-8623,Male,16/05/95,45786 Hintze Crossing,Whitwell,DL10,United Kingdom,07/06/23,FALSE
01HQZS3AD0FCQC1MC59ETFR9M9,Ingelbert,Barnham,ibarnhamqw,ibarnhamqw@posterous.com,492-366-7382,Male,01/06/94,718 Carberry Road,Dean,OX7,United Kingdom,27/02/24,TRUE
01HQZS3AD1G468KKA4CFEKWR4J,Niki,Charrington,ncharringtonqx,ncharringtonqx@uiuc.edu,973-593-8978,Male,03/02/95,9 Twin Pines Lane,Middleton,LE16,United Kingdom,30/08/23,TRUE
01HQZS3AD30HASESHBV21NARWS,Elroy,Issacoff,eissacoffqy,eissacoffqy@nba.com,661-943-4862,Male,29/06/99,74637 Sundown Way,Newton,NG34,United Kingdom,16/12/23,FALSE
01HQZS3AD5MAQ3649PH5D1SCZN,Sapphire,Mostin,smostinqz,smostinqz@bing.com,369-527-2780,Female,31/10/95,85 Rigney Park,Langley,SG4,United Kingdom,14/02/24,TRUE
01HQZS3AD86DKKENZ8P9J1NVNT,Duff,Cluse,dcluser0,dcluser0@aol.com,312-668-4788,Male,13/05/94,31 Cody Lane,Twyford,LE14,United Kingdom,25/07/23,FALSE
01HQZS3ADAR9Z4QW94SJCE7WGJ,Kerianne,Handrek,khandrekr1,khandrekr1@arizona.edu,514-883-5083,Female,27/03/94,7 Shoshone Lane,West End,DN36,United Kingdom,18/10/23,FALSE
01HQZS3ADCR0FBFCXDH3PMB09V,Rosalinda,Scintsbury,rscintsburyr2,rscintsburyr2@mit.edu,434-917-7187,Female,06/05/92,0957 Green Ridge Way,Upton,WF9,United Kingdom,07/09/23,TRUE
01HQZS3ADEZ07P9S0E7JR8VHYY,Pennie,Anney,panneyr3,panneyr3@ucla.edu,811-685-9198,Female,14/11/99,2 Prairieview Court,Normanton,LE15,United Kingdom,22/06/23,FALSE
01HQZS3ADHQRXCFJE3GMVWAQTX,Rena,Tellett,rtellettr4,rtellettr4@upenn.edu,681-310-5887,Other,26/04/99,237 Shoshone Trail,Twyford,LE14,United Kingdom,30/03/23,FALSE
01HQZS3ADKTGF34K6XJEKBJCAP,Neall,Gringley,ngringleyr5,ngringleyr5@dropbox.com,325-642-6857,Male,01/05/90,1237 Manitowish Center,Linton,BD23,United Kingdom,04/02/24,TRUE
01HQZS3ADNG53G44V6EN783QQD,Joeann,Rye,jryer6,jryer6@mysql.com,630-624-7676,Other,25/02/98,35228 Loeprich Way,Stapleford,LN6,United Kingdom,05/09/23,TRUE
01HQZS3ADQEN81VBF6DPCQ4K19,Denys,Vose,dvoser7,dvoser7@dagondesign.com,343-758-2597,Female,02/09/93,32557 Hoard Crossing,Hatton,CV35,United Kingdom,17/12/23,TRUE
01HQZS3ADT7E73ZY5DZFJYXX8N,Kelcie,Turfus,kturfusr8,kturfusr8@spiegel.de,462-564-7529,Female,30/12/95,127 Holy Cross Hill,Craigavon,BT66,United Kingdom,17/08/23,FALSE
01HQZS3ADWK9RN8C84592DN64E,Judie,Sowter,jsowterr9,jsowterr9@theatlantic.com,745-701-6697,Female,29/02/92,96185 Meadow Vale Drive,Whitwell,DL10,United Kingdom,18/01/24,FALSE
01HQZS3ADYK6YRG8RAKRV5TPNG,Dugald,Eskrigge,deskriggera,deskriggera@usgs.gov,127-924-0054,Other,07/08/99,63261 Thierer Lane,Denton,M34,United Kingdom,05/02/24,FALSE
01HQZS3AE1F0DQBSAK3DZ9PT4F,Bernadina,Brasier,bbrasierrb,bbrasierrb@cbslocal.com,688-872-3907,Female,28/11/93,24484 Armistice Plaza,Stapleford,LN6,United Kingdom,07/01/24,TRUE
01HQZS3AE36SXDAYSFRWCC3EDH,Dallas,Scarisbrick,dscarisbrickrc,dscarisbrickrc@canalblog.com,355-916-5582,Female,31/01/95,56272 Pleasure Way,Edinburgh,EH9,United Kingdom,29/01/24,TRUE
01HQZS3AE4QHXSTDGVP00FH952,Hattie,Cadman,hcadmanrd,hcadmanrd@chicagotribune.com,364-878-6186,Female,12/01/98,6523 Dennis Trail,Sutton,RH5,United Kingdom,12/06/23,TRUE
01HQZS3AE7N3M3AJD7CAVSDPHH,Benoite,Ilyinykh,bilyinykhre,bilyinykhre@npr.org,867-720-3905,Female,20/04/92,0 Bartelt Point,Seaton,LE15,United Kingdom,18/11/23,TRUE
01HQZS3AEAY0505E0S36TJ2FXV,Ralina,Zecchinelli,rzecchinellirf,rzecchinellirf@timesonline.co.uk,912-582-1341,Other,27/06/95,22645 Macpherson Alley,London,WC2H,United Kingdom,02/04/23,FALSE
01HQZS3AECVKWXEPWCBRWMXCES,Lisette,Hamblyn,lhamblynrg,lhamblynrg@tinypic.com,127-882-3400,Female,16/12/91,82 Calypso Crossing,Belfast,BT2,United Kingdom,23/12/23,FALSE
01HQZS3AEFXDDGEG8NHZV08QCC,Ailee,Louisot,alouisotrh,alouisotrh@facebook.com,576-696-4464,Female,27/07/95,55119 Bowman Way,Milton,NG22,United Kingdom,23/08/23,TRUE
01HQZS3AEH44CADDHKZH4601PS,Byrann,Llorens,bllorensri,bllorensri@barnesandnoble.com,665-666-3260,Male,21/12/91,147 Sauthoff Terrace,Bradford,BD7,United Kingdom,25/01/24,TRUE
01HQZS3AEMVA4ZZ1KB41AH6K9V,Valene,Syphas,vsyphasrj,vsyphasrj@seattletimes.com,205-902-0411,Female,27/12/91,5 Nancy Parkway,Stapleford,LN6,United Kingdom,11/03/24,TRUE
01HQZS3AEQ05YXVWKV75KHJAAQ,Teresina,Cattell,tcattellrk,tcattellrk@cpanel.net,104-666-9612,Female,07/09/95,921 Doe Crossing Parkway,Bradford,BD7,United Kingdom,19/11/23,TRUE
01HQZS3AETBQJZABTK4DZ64VXF,Abraham,Gladtbach,agladtbachrl,agladtbachrl@oracle.com,590-456-8021,Male,19/02/97,16 Orin Crossing,Aberdeen,AB39,United Kingdom,25/08/23,FALSE
01HQZS3AEXX61S94M54CYW5RMK,Genevieve,Montford,gmontfordrm,gmontfordrm@youtube.com,918-128-2349,Other,13/02/99,64406 Grasskamp Pass,Linton,BD23,United Kingdom,09/10/23,TRUE
01HQZS3AF025ZPGD77CY1RQCF7,Guido,Dudman,gdudmanrn,gdudmanrn@blogs.com,528-234-3231,Male,09/04/94,62895 Tennyson Point,Kinloch,PH43,United Kingdom,30/09/23,FALSE
01HQZS3AF4X15137J7C9PECPT6,Meg,Walsh,mwalshro,mwalshro@github.com,660-623-4989,Female,11/02/92,02 Gina Center,Norton,S8,United Kingdom,01/09/23,FALSE
01HQZS3AF7CC3EHGMAAGHENBH7,Robena,Downe,rdownerp,rdownerp@ocn.ne.jp,634-802-7190,Female,06/11/91,37 Columbus Circle,Dean,OX7,United Kingdom,25/10/23,FALSE
01HQZS3AFB30NEQ37D34FQX7DK,Ermin,Skym,eskymrq,eskymrq@theglobeandmail.com,782-473-3907,Male,14/12/99,0221 Marquette Center,Merton,SW19,United Kingdom,14/03/23,TRUE
01HQZS3AFDCTB9XED4ZH742TE0,Denise,Ruegg,drueggrr,drueggrr@deviantart.com,535-184-8070,Female,02/01/99,2974 Burning Wood Crossing,London,EC3M,United Kingdom,13/12/23,FALSE